--
------------------------ USERS ------------------------
--
INSERT INTO public.users
(id, "name", email, phone, "password", cpf, "role", created_at, updated_at)
VALUES
('dbfeceee-a700-47d5-9090-72053de330a3', 'Brandyn Auer', 'Alyce67@hotmail.com', '819-336-9712', 'GFBqEHVqnB5dLSZ', '7298:4bd9:85ed:70c8:7e77:f0f7:aef7:1d4a', 'b'::character varying, now(), now()),
('01dbd514-6c60-44d8-8319-e23f09035608', 'Jamaal Steuber', 'Ricky23@hotmail.com', '383-704-9162', 'gaFqCeUJycBXRrq', '613d:0000:fff2:a481:577f:aa9a:7b14:2547', 'b'::character varying, now(), now()),
('8faef224-dd8c-44fd-9f40-bfee30419f64', 'Maude Jones', 'Selina65@yahoo.com', '413-538-1084', '9XYCqvc50TwnmNO', '17fc:2f6c:9e3e:7a25:8eac:6cf3:76cc:090d', 'b'::character varying, now(), now()),
('339c07a8-0e54-4439-8caa-261f88d113ae', 'Isabel Krajcik', 'Terrell21@hotmail.com', '891-432-5235', 'L6TL6JyFgImdShA', '67b8:e9ae:9339:5d0d:61f4:cf0c:5f32:e1bb', 'b'::character varying, now(), now()),
('6082a9d5-95ca-4a00-98ce-899661eeaa78', 'Gus Schinner', 'Trenton.Gerlach@hotmail.com', '720-577-6719', '2R4HapVlmQ8fmAO', '9914:ebcf:42f2:fe07:3bb4:3595:6074:e8a6', 'b'::character varying, now(), now()),
('ad5acbe2-7787-4fd9-85ab-64d72e7b12cd', 'Heaven Anderson', 'Lindsey.Borer58@hotmail.com', '287-371-2878', 'X3P3p373VL3wTH7', '4283:948a:c9ca:6147:bb17:9ce8:4ade:0f0e', 'b'::character varying, now(), now()),
('918d2785-e874-44b4-9112-2e8e1187092f', 'Austyn Adams', 'Chloe11@yahoo.com', '566-683-7863', 'EEsC8F6SJwpEa6b', 'dd35:2b56:09ee:9a7b:50b2:4fb7:8084:888c', 'b'::character varying, now(), now()),
('4be2b52b-32bd-4ff0-93b5-baf853b55e4d', 'Florida Toy', 'Jadon.Baumbach@hotmail.com', '550-632-3834', 'JLuqdqsB2nguJs7', '4603:c950:a0b0:2d6b:d9ee:4c2a:a398:d3bf', 'b'::character varying, now(), now()),
('f92da41b-b8b6-4969-b615-5e85be7c9551', 'Jakob Wyman', 'Bella_Kertzmann@hotmail.com', '499-595-2238', 'MuyAlBdVBkPnryY', '9d57:7263:0763:a12c:7cec:22fd:c980:8dcf', 'b'::character varying, now(), now()),
('e2d07323-5027-478d-a9de-83552573aee0', 'Tessie Aufderhar', 'Augustus_Hayes29@gmail.com', '410-717-7463', 'zROQoNlj8w7xj4g', 'c968:1f78:fee0:b6ad:57b1:6406:73ff:1420', 'b'::character varying, now(), now()),
('b645a378-94db-480f-867d-69516c153adf', 'Stefan Larson', 'Emiliano_Turcotte@yahoo.com', '918-830-8676', 'NQ9DJrzKfmwhmnC', '0740:8f74:588a:b3d3:c08c:f3b1:b5b1:25b5', 'b'::character varying, now(), now()),
('34d5669a-49c5-4731-9510-bad757cbb214', 'Alessandra Hoeger', 'Nickolas27@hotmail.com', '253-444-0479', 'Ygp3p2CYJ3as_Vi', '4826:56ee:d3b4:8247:16fe:05f8:4aec:85f2', 'b'::character varying, now(), now()),
('e460c0a2-69af-4b8c-a7cf-22d7da507f6b', 'Frances Bailey', 'Reese.Buckridge@yahoo.com', '752-812-6320', 'jHK0YQTHdrJh_rf', 'ed25:62b4:97d7:2387:0192:b93d:8b98:4a97', 'b'::character varying, now(), now()),
('5bcbd191-3fa3-4653-8c86-2962c82ee039', 'Bobby Hansen', 'Lamont90@hotmail.com', '536-649-3010', 'QNGFYUQhe7Ltfhh', '0a7d:befb:8552:20a2:62a7:5f06:8cc3:f5ff', 'b'::character varying, now(), now()),
('3da0c771-5f16-4257-8edd-feda204fae36', 'Eden Kuvalis', 'Gwen.Torp@hotmail.com', '959-602-5152', 'NZYA8Rflsy1Cfab', '2d11:fa83:2445:7fdb:d4f7:5c35:764a:d694', 'b'::character varying, now(), now()),
('182b6d9a-08d0-42d0-ba9c-785f88e2d361', 'Courtney Mosciski', 'Korey.Hegmann3@hotmail.com', '778-771-4109', '2NJcPn_bUdEbNY7', 'af3c:0bd9:cf5a:267c:2184:2d77:fdef:0579', 'b'::character varying, now(), now()),
('3e66169b-3b04-4163-86f9-b7caff932909', 'Chester Nicolas', 'Noble.Jast@gmail.com', '255-774-1191', 'eEwmKlArXLzZdER', '4c1e:5424:08e0:d90a:6dc7:884e:9834:87a9', 'b'::character varying, now(), now()),
('1369a229-1e91-4c28-a8e4-e42cba53697c', 'Mittie Smitham', 'Art41@hotmail.com', '568-996-7209', 'ygWHAngF6CpEpn7', 'a9ab:c920:7799:7964:8ea2:e24d:234d:8e30', 'b'::character varying, now(), now()),
('07a675d1-9605-406e-9ab7-821e58fc0426', 'Shanon Wehner', 'Jaime.Turcotte67@yahoo.com', '340-242-0024', 'psiLXOO57fFfXJM', '907e:f7b1:9634:cb11:4ba2:fad5:f2a4:6e44', 'b'::character varying, now(), now()),
('f247c2ae-6642-4e88-9ce8-363123a302fc', 'Lucio Wisozk', 'Leon_Gleason54@hotmail.com', '319-313-4004', 'CQBuLyVsku5onpv', '5586:6018:24c4:393b:d646:4aa1:28aa:135d', 'b'::character varying, now(), now()),
('63a47afc-b5a3-4fd8-8bf1-69bf8615530a', 'Daren Nitzsche', 'Glenna.Homenick@gmail.com', '762-414-6583', 'nyP2MK5anSNIPCH', '2331:d16e:6dba:2f24:4133:186b:333a:54f4', 'b'::character varying, now(), now()),
('91b58c5a-8f48-4a97-94ae-3ff3aab259a9', 'Daphney Lesch', 'Enos.Schiller@gmail.com', '627-506-0065', '1yAwhP0h7c6KtBC', '4a81:5cff:2953:7b13:d8db:1f9b:0018:a4b3', 'b'::character varying, now(), now()),
('ba7562d5-ef72-4de9-8a83-b8a705e4f20a', 'Daryl O Reilly', 'Maya_Watsica13@hotmail.com', '531-454-3880', 'MORLe2tqkfONo4l', '10db:24c3:6171:ca72:8fd4:0ca0:db1a:78b8', 'b'::character varying, now(), now()),
('c815ffae-3d1c-48a8-a36d-1c81dfb6de90', 'Akeem Wiegand', 'Wilfredo.Krajcik74@gmail.com', '902-479-6371', 'qZtEsI9bKf2bkxA', '1b98:03e5:24da:7ce8:5456:8949:8121:7afe', 'b'::character varying, now(), now()),
('b26ae46f-7d06-4fb5-a380-e47356e5be9c', 'Davon Shanahan', 'Wilton.Johnson12@gmail.com', '590-903-0502', 'YNOXvPnEgEtu8OM', '304b:a677:e403:e135:72ed:7673:853f:d0e7', 'b'::character varying, now(), now()),
('397eee78-61e8-4d00-bd76-c5fb3d5fc60a', 'Forrest Runolfsdottir', 'Humberto_Parker@yahoo.com', '348-527-3419', 'xt85SdTqC8bFiVB', 'b9ea:28ba:8d91:c942:b3fd:262a:c5b3:5275', 'b'::character varying, now(), now()),
('75a5ceea-1fb9-4b13-aab1-6749631d5d3f', 'Enrico Simonis', 'Abe_Cummings66@gmail.com', '229-606-0751', 'onwZTR1EqyVc6iP', 'f35e:1349:5fba:f86f:3fa9:81b4:7bf0:2747', 'b'::character varying, now(), now()),
('6e2e8d11-5a87-42c7-8b38-ab176d2d0480', 'Ilene Zulauf', 'Norval_Johnson@yahoo.com', '833-899-4198', 'urEJ8poi3b2Q_p3', 'd452:f2d2:1707:3409:6bb1:61e6:9ddd:4601', 'b'::character varying, now(), now()),
('3660e624-3338-49c7-bc64-5570ef408e53', 'Jose Volkman', 'Estevan_Fadel@yahoo.com', '554-587-2794', '4ezg03N6d2YznYR', '6459:011a:762c:6268:9054:04ab:a1fb:908b', 'b'::character varying, now(), now()),
('e2ce96e4-ee74-425e-9052-db5b8783e705', 'Guy Berge', 'Daphney_Glover@gmail.com', '373-471-6862', '8n3tKpjeU2UYFs5', 'a577:5a79:608e:a650:fa52:006b:411b:ffe1', 'b'::character varying, now(), now()),
('f08a3dcd-0f45-4803-b35c-de085275815a', 'Marlee Terry', 'Julian.McCullough@yahoo.com', '803-874-9030', '6WjPQvXCj_MEW0c', 'f6e1:60e6:06f2:3e28:0746:0344:e504:2007', 'b'::character varying, now(), now()),
('01928bec-10ab-499e-b531-c6c784febbc0', 'Lennie Kihn', 'Stacey_Bruen65@gmail.com', '745-956-1380', 'tQ3pGYT0_XZr3Qq', 'ab40:1b3b:8fe7:a789:0829:16c4:9c7f:a669', 'b'::character varying, now(), now()),
('2ff2b630-21f6-44fe-b753-1da70ee58f65', 'Zora Brakus', 'Darrell8@yahoo.com', '343-504-8096', 'WehppfZa8LWOCEg', 'cbca:4a7a:ac86:41e7:8e99:78be:ff16:e1af', 'b'::character varying, now(), now()),
('d84a6b0b-6732-46a8-a8d7-feaad85c701e', 'Malcolm Trantow', 'Bria.Pacocha@yahoo.com', '907-921-3498', '3EYOyVMqKTk0syv', '4aec:ecc7:c994:3ea8:e0bd:bb96:6038:3b07', 'b'::character varying, now(), now()),
('16fe258c-4eb4-4a10-bfa3-6cf49ecc05f6', 'Jayme Cronin', 'Ramiro_Bogisich42@hotmail.com', '935-999-2285', 'bVQ0FRfwDRH6dS8', 'ef13:6ddb:7337:08a7:b88a:277e:4700:c01e', 'b'::character varying, now(), now()),
('00a21b5b-bda3-4eba-a224-28c3c9359810', 'Fernando Kessler', 'Randall_DAmore@yahoo.com', '313-807-2129', 'AKpo64FR0bOq1cw', '52c2:2d07:5c1a:6f66:1679:410f:2c1c:488d', 'b'::character varying, now(), now()),
('9b8979ee-59e5-4046-8a7e-b799f10991b2', 'Stan Schmeler', 'Isidro.Torphy@gmail.com', '234-240-2281', 'Ngn3SK3GpSyuOeI', '7f95:b836:eaf7:83af:24fe:c1da:e7e8:a6d5', 'b'::character varying, now(), now()),
('cb11482c-0cce-498e-a7a9-598917a50b94', 'Zora Orn', 'Cara_Cormier@yahoo.com', '311-671-9888', 'gv4L6MnZFoxTqKd', '7ee7:9645:ba2c:8461:bf97:01e9:e998:8c80', 'b'::character varying, now(), now()),
('4bebdfd4-e26d-4ba7-b556-5c37c6d9084f', 'Hilton Hayes', 'Horacio10@hotmail.com', '928-687-7672', 'sJhYL66uDtqfLMZ', '68f0:0a05:030a:a6f4:3b7c:817b:57a3:c288', 'b'::character varying, now(), now()),
('3166baea-f750-4849-b8df-0682efec8ea2', 'Royce Franecki', 'Ladarius_Runte18@hotmail.com', '956-468-7489', '1_1yZkVRCqqhBuB', 'e70b:176c:ed4e:c974:6190:b21b:84ca:041d', 'b'::character varying, now(), now()),
('ec6f13ca-7455-4b8f-b81a-3eb7dc3adde4', 'Albert Luettgen', 'Darwin57@yahoo.com', '504-409-2603', 'EtWUYzbGmstRYuT', 'def3:d6d2:55d8:3836:63f7:364e:c1ba:4af3', 'b'::character varying, now(), now()),
('a0616339-61a3-4980-8bc7-ce898914f7d5', 'Joesph Rodriguez', 'Beatrice_Bogisich@gmail.com', '869-467-2765', 'LckoP_KKZ0a3suV', '590a:a672:0544:0f85:0992:6d64:05c9:241e', 'b'::character varying, now(), now()),
('15b761c8-c113-4479-90d1-c5bce9820908', 'Owen Beahan', 'Cory92@gmail.com', '660-633-5284', '5WTB5i9BVAeaq4x', 'f5bd:8144:5f28:6abf:9ae2:c482:4bb2:2119', 'b'::character varying, now(), now()),
('4240580a-4b69-47a3-bac5-6184c56e862e', 'Ernest Dare', 'Brycen_Pouros57@yahoo.com', '599-286-4375', 'JEGDi9xbnsEfWx5', '3b37:0f89:55d3:5319:fad0:6851:dd0a:31c8', 'b'::character varying, now(), now()),
('15ea7a6e-5aeb-4ab3-af1f-d07e24a705a8', 'Ransom Prohaska', 'Deangelo_Cole@yahoo.com', '262-863-4717', 'idiB6QR6FU_6Ff7', 'b289:1adc:21dd:b186:4beb:d892:9799:c1de', 'b'::character varying, now(), now()),
('7cebe9e2-e42b-4100-bd74-6b5cebf313ec', 'Delphine Macejkovic', 'Nathen17@yahoo.com', '263-572-9244', 'IZe_44W56qIEQcT', '80df:9466:9c4e:3498:4832:2238:2ee9:a73e', 'b'::character varying, now(), now()),
('c3eee5eb-1952-4251-a490-e9ec7e313c27', 'Vern Lubowitz', 'Juliana.Connelly@gmail.com', '342-443-3165', 'u8se66C4R2YTLk6', '38bd:ed02:7ade:0bcc:f8de:b3e9:ef87:0bba', 'b'::character varying, now(), now()),
('e15ce080-727e-47cf-8ec8-9b9ec6d35b0e', 'Cristina Kutch', 'Samanta69@gmail.com', '943-782-0128', 'VvvtelLlGwrvyfi', '0892:0781:7ea1:2b97:6b6f:fa65:8b07:31b1', 'b'::character varying, now(), now()),
('e7e7134b-5ecd-4a73-bc4a-ec9dc241c699', 'Eloisa Grimes', 'Jerome_Armstrong9@yahoo.com', '627-477-4530', '1FxVDjKeSX1d_sL', '6520:2506:4838:cbb9:068c:f96d:da9f:22db', 'b'::character varying, now(), now()),
('b5077ea9-7dab-4c30-b63d-a10c67498fb3', 'Dave Luettgen', 'Dax_Hand@gmail.com', '795-349-2378', 'AWA6Hpf0clZRsfG', 'de7a:92ce:b491:9fae:72eb:6d8c:a329:3701', 'b'::character varying, now(), now()),
('8ea3b9ef-326a-4dde-9f49-5e8dd988ccf4', 'Triston Nolan', 'Adrain_Crona@yahoo.com', '226-572-3771', 'wlLsVozMDb2Rux2', '6cc6:62b0:8ba2:a778:1140:718a:2215:ed87', 'b'::character varying, now(), now()),
('a22ed6aa-41fa-441d-9051-9d91b510485a', 'Jarrett Simonis', 'Arnulfo_Larson@gmail.com', '796-577-6738', 'n1kkLInU0n7xvaq', 'ffe8:bc41:823a:42cd:1f06:1909:fb3b:309b', 'b'::character varying, now(), now()),
('a6ebb61d-a79c-40eb-a97e-bf172f4b0b62', 'Edmund Halvorson', 'Rosina.Morar22@gmail.com', '479-704-6492', 'hMdZ4rnUqiqCHLD', '89d6:3fe5:27f2:8a00:c581:bad7:6974:8bbf', 'b'::character varying, now(), now()),
('8f77abf4-b644-4664-acc9-2c8b2a71d344', 'Shaniya Lang', 'Avis_Durgan41@yahoo.com', '675-353-2233', '5FWJCCwUNmRVUgn', '0361:0142:b9a7:4b8d:9afc:7289:f9b7:0966', 'b'::character varying, now(), now()),
('c74ec744-6001-40e2-9672-319c12b99ffb', 'Jamarcus Schultz', 'Blaise_Kessler45@gmail.com', '957-790-6952', 'eoAW6JzyXABnOew', '004e:e9e7:d6bc:5277:912b:c5d9:f9da:620e', 'b'::character varying, now(), now()),
('6052ba7f-333b-4915-a8af-809471006e93', 'Berniece Roob', 'Kale.Spinka@hotmail.com', '809-966-9259', 'VjREDiiVy_ITfjO', 'f93c:d626:5c0e:f5a2:0758:853f:a654:b30d', 'b'::character varying, now(), now()),
('b1b87e5b-fb00-44f6-96bc-775e450aba98', 'Gabrielle Kulas', 'Desiree6@yahoo.com', '594-965-7911', 'lvbWpBmQcshFTRT', '406b:ebd8:07fd:3ced:eb29:339d:53aa:a5da', 'b'::character varying, now(), now()),
('8a1da9bd-cda3-47e0-a41b-b06bbaff6bb9', 'Guadalupe Kshlerin', 'Belle_Hackett@hotmail.com', '663-888-0408', 'dIhUREogj4_SrWR', 'f20a:1729:5b83:e27b:2318:eaa9:096d:af5b', 'b'::character varying, now(), now()),
('7414013a-d4df-4460-afe4-b4a13422d190', 'Jorge DAmore', 'Arnulfo_Wisozk41@gmail.com', '834-930-9656', 'aEG77DtxpaZJQDD', '6a13:c3c9:51bc:b1ae:1a86:263d:8de9:d9a6', 'b'::character varying, now(), now()),
('9f3c1896-9b33-4f01-ad62-e7ce7b718e92', 'Tomasa Johns', 'Kendall98@gmail.com', '575-923-7851', 'lkkCRiz3AV7Gffn', '1995:e856:decf:a4dd:0baa:292c:917a:2f4b', 'b'::character varying, now(), now()),
('8c15bca6-7431-4000-a228-89a90a94154d', 'Hailie Spencer', 'Jennie_Hessel23@hotmail.com', '945-259-7050', 'WMoXarZuDXIdaxf', '0269:e063:9aef:81d8:805e:f7e2:23bd:5c59', 'b'::character varying, now(), now()),
('3f5cdad8-aff9-438e-bb6d-8130c130247f', 'Spencer Hettinger', 'Aubree_Goyette@gmail.com', '792-434-1775', 'Fp2DVwv0bXaOzDI', 'fbb4:eb7b:7ae3:7c03:a80b:c4e4:8131:df18', 'b'::character varying, now(), now()),
('020cbf67-12b9-4e71-b036-c3cb53faabed', 'Lorenza Maggio', 'Llewellyn70@hotmail.com', '830-462-7196', 'MWTHePjuPjcmoam', '83c6:3194:13e6:a5da:ae9e:8af2:4065:8950', 'b'::character varying, now(), now()),
('43a76c6a-0e6f-446f-b650-5da9ac92a88a', 'Ivah Welch', 'Dorcas_Ziemann58@gmail.com', '570-939-2811', 'rUMjtVrqOHOfLoa', 'a2d2:4633:c8de:eb14:8a53:c5a6:a558:ca8a', 'b'::character varying, now(), now()),
('83a348e7-4e85-4bcb-b778-761793d33221', 'Martin Denesik', 'Gregoria.Heathcote@gmail.com', '340-735-0089', 'pPowP_s8zbtLHpR', '438d:9851:687d:8db8:5074:2f26:bf9f:cd8b', 'b'::character varying, now(), now()),
('f9e5a80a-57ac-4574-9930-5a7aef48c90d', 'Laurianne Orn', 'Lourdes.Fahey@gmail.com', '944-407-6507', 'Mqr99drhgqb6F8F', '6865:46e7:6063:7ee2:ef5e:6088:ae7c:25a3', 'b'::character varying, now(), now()),
('1ec2a998-c773-4205-972a-79673cf36ad2', 'Dorthy Purdy', 'Tod27@hotmail.com', '829-901-0256', 'sJkFRR9JSODJIkP', 'a2f4:e7e8:a678:b3b2:62e4:a3a7:c664:a443', 'b'::character varying, now(), now()),
('67d19568-d7b2-45e2-b00e-1bed1a61d00e', 'Denis Hirthe', 'Deshaun44@gmail.com', '520-820-2281', 'RLMTJcwuvSH0INE', '2c09:c487:e5d6:075f:f2f9:1c5b:d297:57d5', 'b'::character varying, now(), now()),
('10c9420b-417c-4d4a-8bcd-80b5075b75df', 'Simone Dicki', 'Leon.Dickens36@hotmail.com', '230-544-9406', '44X17kZQGOz0Azj', '3bc8:1d36:4a60:e6e1:a292:c955:7b60:7370', 'b'::character varying, now(), now()),
('527e43f4-684f-4a47-84d7-3fb79077e223', 'Lonnie Hansen', 'Eden_Hansen@hotmail.com', '884-597-3745', 'M9qShiVECL3cyfU', '2ed0:685a:3ce3:8a25:f6e0:4109:c610:e276', 'b'::character varying, now(), now()),
('d3eede7d-a951-427c-b80e-990a2e6d1143', 'Marisol Tillman', 'Arne.Beahan@hotmail.com', '908-545-6942', '6tq8kNE0srSwfDm', 'c9fa:fe9e:3888:79e4:baa6:9323:fcd5:0ceb', 'b'::character varying, now(), now()),
('ecf11b7d-5cc1-49b2-b653-988b583fbc09', 'Magdalen Cormier', 'Foster.Larson@gmail.com', '392-370-8430', '2_OaSlOmIPyuMCs', '9abf:7a2d:b51c:e173:5bd2:ed73:c60a:2c95', 'b'::character varying, now(), now()),
('924cbec8-0a4a-4d12-917a-005c40c5bd30', 'Kadin Grant', 'Shad99@yahoo.com', '884-617-4125', 'EQhFZUFy60vPTfb', '7575:1418:f922:9a11:1b0c:22b1:b637:c18b', 'b'::character varying, now(), now()),
('af8b9c78-25f2-4f3f-981f-4ff1c9f9292a', 'Enoch Dach', 'Rocky_Littel7@hotmail.com', '782-696-6209', 'xJA6gCoDDGcvbUm', '5b51:6c97:736f:dd47:1623:b765:490c:1b4b', 'b'::character varying, now(), now()),
('b00902c4-d5ff-45ae-b6fd-984cc1c1c784', 'Deja Fritsch', 'Rogelio_Abshire54@gmail.com', '377-689-0780', 'rDm7UvaBBZxWyGl', 'bfc5:69e7:f9af:13ae:6b5b:439f:da9d:8c3d', 'b'::character varying, now(), now()),
('853bc4d1-f478-4ca0-b2e8-26eb3bb5a58b', 'Cathy Gaylord', 'Arlo.Dooley@hotmail.com', '654-668-7837', 'udmRksaW5p6Ivqv', 'e605:0fbb:672d:e310:84a8:5fea:5503:cb11', 'b'::character varying, now(), now()),
('13389b35-4e88-4924-83c4-44d9d9c8a172', 'Gerald Smith', 'Sigrid_Ziemann@yahoo.com', '833-613-0091', 'NFAmYMzxtMhYGPQ', 'f161:dd63:fe3a:ffdc:3fa1:1ae1:4a10:c015', 'b'::character varying, now(), now()),
('77efd0f2-d484-46e3-86c0-d8b52426c6ee', 'Elena Bailey', 'Russ22@hotmail.com', '257-388-5713', 'GReOprizisBfPsS', 'a695:d3de:a4c4:5e54:cd1d:fb58:f316:fff8', 'b'::character varying, now(), now()),
('9d577a5a-3a8d-47b3-adae-a3ec4013cc7b', 'Margarete Auer', 'Kailee_Satterfield39@yahoo.com', '224-891-8904', 'OnIdc5mybQDYldb', 'cdef:0017:2b75:084b:7121:5032:e6a6:0572', 'b'::character varying, now(), now()),
('e86afe66-8222-4e71-a22d-80e47bfd6be2', 'Keagan Mayert', 'Josie13@gmail.com', '528-386-9948', 'vGABH87WgdZMzsS', '4b6d:67e1:6b65:b59b:6502:85f3:dd69:707f', 'b'::character varying, now(), now()),
('953502f1-3e8f-484d-aab5-113f96d17866', 'Katlyn Mohr', 'Jeremy_Rohan15@yahoo.com', '959-743-1249', 'xCB5S9_mo2zdw5I', '5d08:1c05:2778:26f6:cc09:5fdf:e25c:6ae4', 'b'::character varying, now(), now()),
('40b45930-2d5d-4eb9-8358-8f239e6e5ddb', 'Sarai Tremblay', 'Jennyfer.Lindgren@gmail.com', '455-263-9170', 'zluLPnc94yKl4Fv', '0376:d997:29c7:fb1a:6a60:2162:b3ee:653e', 'b'::character varying, now(), now()),
('25285473-2d1e-4220-be25-232d79c3fd0f', 'Uriel Kozey', 'Samir.Streich13@gmail.com', '730-968-9363', 'RxZYmbUJXc3fDtl', '4086:7ac0:d877:5bb9:52c4:8965:f646:4b3e', 'b'::character varying, now(), now()),
('fed63b44-e4d1-4319-95e9-8ac34247568d', 'Cullen Nicolas', 'General83@gmail.com', '495-347-3373', 'MBwtFiX8Pmk1H6S', '51af:22e3:e152:4423:88e1:0543:f08d:fd2e', 'b'::character varying, now(), now()),
('8c3c68d3-8d0c-4193-af1b-8a7ff9220363', 'Xavier Johns', 'Jerald54@gmail.com', '359-710-2325', 'VnyFiavvBEwjCk9', '6973:93ea:acd7:dcab:79b0:2569:3f3a:de52', 'b'::character varying, now(), now()),
('0573c8f7-87ee-42bf-8ff3-dc36c00c9c13', 'Marcia Aufderhar', 'Ulises78@yahoo.com', '600-661-4821', 'HEmxLobRmt9bhFf', '47ca:5fcc:ff3e:7be0:8cc1:71e0:8729:3bd0', 'b'::character varying, now(), now()),
('a3d49fdf-a6a1-4ec2-b7b6-7b2f00db23c9', 'Octavia Metz', 'Emerson_Harber3@yahoo.com', '780-311-3591', 'QiBl0XXKvTGtbcQ', '2358:06dd:9e8c:0d75:b87e:1767:fcce:6f4a', 'b'::character varying, now(), now()),
('213f270f-fd4b-4ea2-a31c-ac35dc5c75bb', 'Jo Marvin', 'Forrest_Volkman70@gmail.com', '813-205-4690', 'h3YXrhe_wW5YSSm', '7f25:4b97:76f3:e2e5:6c41:258e:63f1:5354', 'b'::character varying, now(), now()),
('438ce7f2-3148-4d78-9a83-dc2dbd6b3933', 'Harmon Kirlin', 'Lurline.Tremblay26@hotmail.com', '404-727-9276', '0DeX5vBV9UsTciF', 'b0b5:2835:cee5:63c5:52ed:e7b8:143f:ffd2', 'b'::character varying, now(), now()),
('09c0f4cd-1f6b-467e-82fa-217ba3545c86', 'Gianni O Reilly', 'Steve.Hammes7@gmail.com', '439-437-2309', 'VQhMFZz_zfKQXHw', 'c101:7479:4e5d:c864:62d5:6483:e98a:9f75', 'b'::character varying, now(), now()),
('91c892e4-de23-4cb7-a7c9-8b8333287c8b', 'Theresa Marvin', 'Rico.Farrell79@yahoo.com', '588-810-3519', 'Z3JR7VI3aS6wTuI', '33b3:827c:0f92:d8db:2022:4463:20e3:8d67', 'b'::character varying, now(), now()),
('9401118f-cae3-439b-82eb-7a2c46006ec3', 'Madge Hermiston', 'Kasandra.Zulauf98@yahoo.com', '547-381-3640', 'h4YRmcYVldjxJz5', '3bf0:6aff:7873:9b94:b036:61a0:ece0:54a2', 'b'::character varying, now(), now()),
('e4962e33-53a2-4d15-8485-d696b3053f9f', 'Waylon Nolan', 'Isac23@hotmail.com', '675-734-0750', 'JgClG2L4B63kcsM', 'ea09:0187:ce74:b871:fe0d:3ba2:55de:ab23', 'b'::character varying, now(), now()),
('433717a6-83a8-4a34-8d6e-67fd4d4486ce', 'Stanton McCullough', 'Halie75@yahoo.com', '928-232-8568', 'U9NRqNC_1XU8OhT', 'dbb1:afe5:4822:2c8f:eca9:fd34:0c90:7d3c', 'b'::character varying, now(), now()),
('cddbb6f5-2a3b-4aa3-8141-21328cdce9d4', 'Mollie Hartmann', 'Violette33@yahoo.com', '468-614-2153', '_4AsyzV21P7bowd', '5818:5626:3292:1f7a:9de8:00c7:ccbb:e4c6', 'b'::character varying, now(), now()),
('54855c85-2c32-40ce-be77-6342f05dbfcf', 'Emmett Padberg', 'Kitty66@yahoo.com', '219-459-9669', 'km_nT1qwR_iuZfx', 'de2a:6e88:13d7:4f99:9a11:84f7:752c:1577', 'b'::character varying, now(), now()),
('eb168b6f-f87d-4d86-b6a5-8aa60d4ebc4d', 'Estella Rohan', 'Carrie.Mertz@hotmail.com', '482-736-7568', 'AVXCFmojpJsnKwf', 'ae35:de41:fd49:e192:06c3:6b4f:09d3:8e7d', 'b'::character varying, now(), now()),
('38bcd9a5-8b72-45a1-9ec1-942601eb375b', 'Jayme Dach', 'Gayle_Okuneva60@yahoo.com', '399-745-5319', '45ypNyffTE5er0v', '2e42:88c9:bbdb:2add:8fa7:9f9d:b2f4:d635', 'b'::character varying, now(), now()),
('cd7a6242-7f3b-409b-98c9-325f31f39999', 'Charles Johnson', 'Brice95@hotmail.com', '435-758-3442', 'kACHC8rDbaufkTy', '7480:edd3:fb58:517f:6ba6:7190:7c1a:27da', 'b'::character varying, now(), now()),
('2b386c5a-5849-4a08-8bef-2c7d1e3cb4e6', 'Ida Fritsch', 'Sister69@yahoo.com', '216-554-0355', 'RX92nqzDlRDaMK9', '291d:d6fe:0d0c:a1c1:fb0d:23e4:707a:cef8', 'b'::character varying, now(), now()),
('6dddc15c-20df-4661-96d7-41a4ad7429d2', 'Paul Kuhlman', 'Maribel_OConnell@gmail.com', '243-769-0272', 'BaYamz26vPqHM4_', '5521:e4a7:7827:eacd:941e:c894:45d1:4c31', 'b'::character varying, now(), now()),
('d46e4b2d-3970-4bf5-a672-24abafa3693b', 'Nolan Nolan', 'Jonathon18@hotmail.com', '690-219-5216', 'v1v06wDS2Daemci', 'dda8:a9d0:02c8:809a:33fc:9e8b:bbfa:b9ab', 'b'::character varying, now(), now()),
('f4dc92ce-83cd-4a80-99aa-5c36ef30d11f', 'Amara Bergstrom', 'Ransom.Zieme@hotmail.com', '937-901-8506', 'cZmLLAInrGQ74Ji', '21f7:00d1:da77:eae9:7da4:7945:50d5:aa2c', 'b'::character varying, now(), now()),
('ff45e780-a110-4017-9aa8-76a243c88ae4', 'Magdalena Bode', 'Enola_Lebsack7@hotmail.com', '992-264-7552', 'JUuVMaBaKLz3tr0', '6134:8cef:2e85:c0a4:9e2e:90ec:4aa9:77fc', 'b'::character varying, now(), now()),
('ebce71e9-a01b-4113-bf12-59eed03c1eaa', 'Royal Wiegand', 'Benjamin2@gmail.com', '430-816-1100', 'BJ8FBcw3Kw0PwO3', '0ef3:3085:dad9:de64:6d07:7651:4e2f:5ead', 'b'::character varying, now(), now()),
('af70e32c-78ea-4bae-ac01-e47980cb1eab', 'Ashton Cummerata', 'Leopoldo.McDermott@gmail.com', '618-983-4325', 'wNw3iQXcR4wOXGw', 'be97:4dc2:0cd4:1998:b8ca:78cc:aef2:53df', 'b'::character varying, now(), now()),
('9bc2167e-84af-462d-8683-db630c12bb7d', 'Bryce Harvey', 'Dexter_Nienow46@yahoo.com', '931-601-6993', 'KouWQAUBTVt8333', 'eec1:f0cc:f46d:4269:959b:fc65:6287:52a8', 'b'::character varying, now(), now()),
('77245ce3-06c5-46a2-b2b0-fdabcf7af619', 'Monica Koelpin', 'Clement50@gmail.com', '626-401-2077', 'La2SnucU6_R1HZK', '18e3:f239:8a33:6484:16c6:9669:28de:7b9e', 'b'::character varying, now(), now()),
('4acf048d-ea18-43af-9552-a3dc5fc63658', 'Eliza Ernser', 'Jarvis_Reilly24@yahoo.com', '529-371-0193', 'IoLKfR8CJi1R5Cv', '9559:e5a5:97c1:5d67:f6df:7e8d:7bd2:15b7', 'b'::character varying, now(), now()),
('5b116350-a683-4911-b662-60a75a1c773f', 'Nasir Howell', 'Devante.Hilll@gmail.com', '237-701-3713', 'k_cyh4jgymjcv1P', '87ac:eca7:d884:749f:f7d0:cd9c:8eaa:f1c7', 'b'::character varying, now(), now()),
('bd017de5-4570-4b23-8ebd-b1ec197a10f6', 'Aubree Hintz', 'Caitlyn_Ondricka@gmail.com', '221-877-1846', 'tZXKOSxivQQOyA2', '4645:4255:ebcb:e454:b614:08d6:530e:cf6f', 'b'::character varying, now(), now()),
('63870d34-8bf2-4c32-8def-dbe3441e74a0', 'Silas Kovacek', 'Rose_Lueilwitz@gmail.com', '834-868-0252', 'lZRDaOKZ8lrcEzs', '6a27:4941:2cdf:701b:4189:1fb9:3b57:3602', 'b'::character varying, now(), now()),
('6d703488-3e1e-47fe-93b6-de3cdff85d11', 'Cicero Kreiger', 'Caleigh19@gmail.com', '208-339-7560', 'UOEQ7Xq9Qk_unR9', 'cedd:e80b:dfeb:4051:ea4f:cbf6:3692:7000', 'b'::character varying, now(), now()),
('6865a936-ea09-4bc2-b6f9-346e903963b6', 'Novella Bernhard', 'Kiera.Cruickshank@gmail.com', '775-671-7088', 'Wyhyhi4u961hzgf', 'acfe:5f0d:73ad:3138:5da7:666d:341e:07ab', 'b'::character varying, now(), now()),
('3e24aff4-8e46-4bbb-8a6e-6cdf8506b218', 'Cydney Cummings', 'Alysha40@hotmail.com', '888-498-9737', 'aoUUlCfAH6_VwZ0', 'b8db:43b4:3cf6:df5c:b095:a8bb:0b35:1778', 'b'::character varying, now(), now()),
('44295fea-e8e0-43dc-97b2-ab841cb66f34', 'Liana Hartmann', 'Daphne_Parisian67@hotmail.com', '493-936-9940', 'MjuIkOyy10AqUKh', 'c7b8:eccc:9447:0876:b039:cb74:e571:8f00', 'b'::character varying, now(), now()),
('041bc068-adaa-41aa-a63d-115679ccd10d', 'Daniella Watsica', 'Aubree.Kshlerin@yahoo.com', '275-664-3079', 'KSUFCks65sgRH0V', '7a06:4cf9:4569:ae74:1276:ed57:6e78:891c', 'b'::character varying, now(), now()),
('e7bf5d5d-e055-4876-9301-c1ecd711201c', 'Elta Weimann', 'Santos.Bogan@gmail.com', '442-835-3565', 'suw_7A5guze0unO', '067b:9531:8409:38be:14a9:2912:df8e:5dd0', 'b'::character varying, now(), now()),
('1a3e939f-3be1-4c5c-819a-8453f1ee0c20', 'Juanita Schiller', 'Montana33@hotmail.com', '451-499-6598', 'HrV9eOPAGik80Xd', 'd34c:2788:f1bd:324f:1bfe:83be:c755:ebff', 'b'::character varying, now(), now()),
('fec0a7bf-ebdf-4dd9-95a4-996cd395b25c', 'Cristobal Bechtelar', 'Rosario.Hills73@yahoo.com', '797-345-4794', '8dLDYZ2vdoaiVpo', '2369:483a:41f8:09c7:7a5e:67ef:d1d7:0b49', 'b'::character varying, now(), now()),
('62d23378-7ea2-4119-8f6e-8c378c18d209', 'Thea Hoppe', 'Bridgette42@hotmail.com', '908-238-2030', 'F_P5zX5gDc2CN43', '19ee:10df:dd48:9887:0082:ec45:9d8b:c9b2', 'b'::character varying, now(), now()),
('e3ad273c-70e3-462b-af56-93eb046f4f0d', 'Gunner Funk', 'Reta_Jenkins67@hotmail.com', '813-927-1103', '3DJ9m_UOBXLThV9', '4f37:dd7e:deb0:2919:d822:c106:af5a:dfdc', 'b'::character varying, now(), now()),
('680727a0-8646-40e4-8062-7e186b8ef190', 'Lowell Mayert', 'Destinee.Sporer@yahoo.com', '789-428-3271', '48mmyOK2Qv5TnIh', '264b:b1fa:21f0:5f57:8a8b:5184:044d:ae01', 'b'::character varying, now(), now()),
('faf814a1-531a-49cf-a639-85740e629f65', 'Gregg Keeling', 'Theodore30@yahoo.com', '513-947-6641', 'c8s2nLNR072kSCn', '25a1:5dae:ab0c:6238:be7b:4590:99e5:a275', 'b'::character varying, now(), now()),
('107f1fbc-492a-486d-8942-b1c13b573e00', 'Bridie Swaniawski', 'Nicholas.Rosenbaum@hotmail.com', '749-445-6383', 'tGxUKwX4npCZgp6', '3f13:494f:e48f:31d6:d1ac:e7ad:9553:f199', 'b'::character varying, now(), now()),
('b52244a9-a44d-42ef-8acb-4c9fe652c8a3', 'Beatrice Reinger', 'Alyce_Kassulke@gmail.com', '552-495-7279', 'WXNBCauNyg2zU1v', 'd400:b725:721d:1666:12f7:b089:fc5a:ac4e', 'b'::character varying, now(), now()),
('8ba62b11-f54e-479d-ad93-ba34d0ed7f30', 'Genevieve Kris', 'Candida92@hotmail.com', '654-833-5887', 'k_0Uw_7aU83lUQ8', '7f10:7df1:72aa:35ed:923c:efab:58c5:0286', 'b'::character varying, now(), now()),
('db7be678-ab9f-48b9-b65d-b09bd35aa185', 'Benedict Oberbrunner', 'Roberta_Lebsack@yahoo.com', '576-721-9314', '2yaQOISKybbF5UI', '34f5:a2ae:95f4:10ac:59de:dc66:3467:66dc', 'b'::character varying, now(), now()),
('6396334a-1521-43a5-8de4-a31febb9c9a7', 'Quinten Runte', 'Madeline.Boehm50@hotmail.com', '306-709-3579', 'BxQ1jDYYdXr6Iov', '71cb:085b:b45e:1eed:f9ab:9e2a:2efd:da67', 'b'::character varying, now(), now()),
('d2c532d6-92d0-42ae-8d83-d54af40d2077', 'Chesley Considine', 'Nathanael.Hessel@gmail.com', '458-579-8007', 'Rk9EuCi7oAmWNIC', '47c1:b943:6059:bc07:802c:292d:3852:65da', 'b'::character varying, now(), now()),
('f8cd8fe2-3cf4-436e-af1c-a21900116a1b', 'Meghan Russel', 'Melvin_Koelpin20@yahoo.com', '838-461-5121', 'd2ILMz6eUBqWw8l', '0cb7:4ef1:e456:807e:72a7:0eb8:15e7:3dfd', 'b'::character varying, now(), now()),
('89b812b1-f03d-4d9d-81e8-a2368fb7a3ff', 'Brandyn Spencer', 'Kira21@hotmail.com', '727-253-6727', 'y5_LVPYlrP3leNC', '7598:7b76:e25c:8b8c:0f9b:a8c3:06a8:d877', 'b'::character varying, now(), now()),
('cb17f40d-2b49-47b1-b61b-8c4f468ff599', 'Jedediah Oberbrunner', 'Dennis26@gmail.com', '310-842-4943', 'VOFdBpkNi0sVtFH', '7384:6c77:c4ad:55ba:f229:a616:51e7:18e1', 'b'::character varying, now(), now()),
('74d51b4d-2e31-4c01-94e2-337e1e4c0ded', 'Lavonne Bode', 'Nyasia_Feest@gmail.com', '246-627-4840', 'a8o9FsmDhVPG6Gw', '34c5:b2af:b59b:5634:7255:1904:8dae:7ed9', 'b'::character varying, now(), now()),
('6747acd3-2927-4c22-9888-13e7131f92f0', 'Lauriane Labadie', 'Darrin.Grimes9@yahoo.com', '571-266-0236', 'E5Jo6AU9BlRjbSd', 'c73e:26d2:1e2d:bd59:ccae:1084:b030:b961', 'b'::character varying, now(), now()),
('63eaafcd-357c-478d-90c3-6ca5284150f4', 'Corene Lowe', 'Marcelle92@gmail.com', '992-644-1574', 'QgOd65DtEtmv3Zv', 'deab:4b51:251a:e686:81fb:f23c:9111:d958', 'b'::character varying, now(), now()),
('86dd73a3-a23f-46e7-9554-9d4e01d63816', 'Carmella Daugherty', 'Abraham87@hotmail.com', '658-316-3163', 'CbjDRFYYdU8v4p9', '1ac4:7ecd:1a3c:37d4:e747:a7ea:8cf9:560a', 'b'::character varying, now(), now()),
('f062c4e5-3fe5-4ba3-b24d-c9ddc7b1d074', 'Ona Dibbert', 'London.Baumbach@hotmail.com', '563-318-4109', 'QbaqAhRYE6ydyuI', '087d:dc75:5800:de09:ce84:e9b8:f369:d46f', 'b'::character varying, now(), now()),
('5db784d7-1566-492e-8d63-76a76acf3938', 'Zachery Langosh', 'Henderson56@gmail.com', '816-842-7540', 'ctU3sAqVpZv9Q9I', '2967:700b:0abe:005d:1daf:249f:541d:744f', 'b'::character varying, now(), now()),
('1f55f6f3-027c-4fbe-9a87-0474f10f292f', 'Marianne Cole', 'Krystel.Lang51@yahoo.com', '556-918-2637', 'VS0F3R_qOs7EyAh', 'ffe8:b3af:9799:6afc:e981:9694:efc8:4760', 'b'::character varying, now(), now()),
('a4f4b05d-3b27-42e7-8c82-f673ecd82000', 'Eric Schimmel', 'Eladio.Stiedemann@gmail.com', '564-695-2492', 'M7Bt3QqMuiTtxgE', 'db8d:66e4:1293:65bc:a2f3:9148:5a42:977d', 'b'::character varying, now(), now()),
('7b1027b6-806f-4726-b458-2784104f7bb7', 'Manuel Gleichner', 'Isaiah98@yahoo.com', '744-338-1749', 'Jw_Si3mx6KPTyiv', '9690:6e20:34f9:ae6c:0509:476e:0631:e926', 'b'::character varying, now(), now()),
('02448af4-f5e9-4b98-867d-602da26a9a92', 'Okey Connelly', 'Sam.Heidenreich@yahoo.com', '581-505-9122', 'OCEah6NLsJtm6Me', '91e8:e9fb:ad05:8bd7:264f:6175:e62e:9fd5', 'b'::character varying, now(), now()),
('70552e9a-b3b7-4be6-82d8-f4d540fff412', 'Casper Fahey', 'Elsie.Marvin@yahoo.com', '254-705-9376', 'mMS3GAt6wTk7ZE0', '84bf:bca3:327f:4df7:be9e:a8d8:86ca:9a03', 'b'::character varying, now(), now()),
('dc992bb1-9375-415d-9b7a-a30ce3b722d1', 'Kim Nikolaus', 'Carrie_Jacobs@hotmail.com', '746-236-4161', 'amf9ooWKWVjdnNE', 'f81d:fe63:539e:4a49:667d:768f:c9d8:c97e', 'b'::character varying, now(), now()),
('e10d4b5c-8aab-4bde-933e-6a34f04e4f96', 'Jerrod Kuvalis', 'Flo.Hoeger72@gmail.com', '490-711-3854', 'OpnPWa2omc00eGO', 'ff6a:fb1e:a1cb:6d28:515f:44c7:c06a:c466', 'b'::character varying, now(), now()),
('c4170d14-6d0a-41aa-a5e0-4c1e3c3cff58', 'Julian Shanahan', 'Danial64@hotmail.com', '934-435-1422', 'uCPhY0cV72M4wkP', '8a51:df46:041e:44db:592f:96b8:0e5e:a3ad', 'b'::character varying, now(), now()),
('cf78fbdd-ddba-4a8b-adbd-b4650bc4dd4b', 'Gia Muller', 'Ramiro.Ritchie15@gmail.com', '678-630-9012', '2DUtqh2_Ylj9e7p', 'c87a:8f59:2ba8:786a:29cc:960c:c630:bc5f', 'b'::character varying, now(), now()),
('efb62d36-b6d1-44b6-b10e-3fad79f2ae15', 'Marcella Cummings', 'Jessie78@gmail.com', '444-605-3234', 'n4mjjnfkDG6ySeC', 'ce0f:1f65:e290:15ee:6f56:dbda:4266:99b7', 'b'::character varying, now(), now()),
('9667d8c7-abff-4de9-b186-4310445ceabb', 'Mariela Volkman', 'Zoey_Will20@yahoo.com', '629-949-7745', 'duLLdHRjFho3CzA', '408f:6df0:438b:d562:b7af:e4bb:6807:d583', 'b'::character varying, now(), now()),
('c4aab06e-cf25-444c-abf4-fe4777fcbb83', 'Melody Leffler', 'Corbin_Dickinson@yahoo.com', '472-770-7056', '3ihURhrc_X1QxCu', 'b004:9faf:6e38:525d:4060:8b23:13bc:82d8', 'b'::character varying, now(), now()),
('cea36f4e-9786-4d7f-ac9d-92d53274a881', 'Dejuan Cruickshank', 'Donald_Mante@yahoo.com', '496-894-8204', 'fY1fx_gh0ohmOU1', '9606:6bbb:989b:7099:390d:e0d9:be74:05a0', 'b'::character varying, now(), now()),
('bbabf80d-44d9-4155-9950-aab0b3467c38', 'Lurline Konopelski', 'Nya_Mertz65@hotmail.com', '232-506-3955', 'IIJ6mCRnnIByww7', 'ebb8:c04a:9778:6f1a:18e1:4500:04c9:29ab', 'b'::character varying, now(), now()),
('98c13ee6-5143-4baa-b0a9-e30ff3c310fa', 'Al Bins', 'Janet_Keebler@gmail.com', '862-646-1948', 'Wkbp5uMH5OLYx2e', 'b258:7051:ca71:784a:0250:fc3f:cf65:8d6f', 'b'::character varying, now(), now()),
('93c4427c-fc5c-423a-9c88-412b815adb56', 'Darrel Will', 'Jewell_Walter7@yahoo.com', '276-775-3356', 'eJa41OpU5gtNnrt', '9f0e:4e4d:05a2:91b5:a5d0:5bc8:0940:616c', 'b'::character varying, now(), now()),
('d76bba24-f3b7-4f54-bfd1-24a2066d48f4', 'Kitty Gusikowski', 'Raquel.Hermann90@hotmail.com', '900-959-9557', 'YiKMv_KpakiNK2i', '8e03:a05a:4506:d827:2d3f:27ea:cb39:ff0f', 'b'::character varying, now(), now()),
('31e60cdb-b7b9-417a-b7ac-ac8c5f726ffb', 'Destin Dickens', 'Adan35@hotmail.com', '661-926-7295', 'r8MpJSYjJfgFBqt', '99d7:c628:cc64:66bb:bb5e:e91d:2c02:2bb2', 'b'::character varying, now(), now()),
('2b1ebd4f-053b-498a-b1c9-25d7ba9ce816', 'Aniya Herman', 'Ricky22@hotmail.com', '593-605-0827', '7FO3ujUlwtQSsOt', 'c853:3aef:3dfd:f251:1a62:2f37:3226:d355', 'b'::character varying, now(), now()),
('20217259-6eff-4ef9-b5fd-c0bc4a3258bf', 'Brooks Grant', 'Ewald.Nitzsche83@yahoo.com', '976-989-6368', 'ma5Ubzg_ds2pX8c', '274a:8ae1:124a:65cf:64a0:9fa3:9f97:b703', 'b'::character varying, now(), now()),
('e053ec74-9e6d-4abb-9726-d1fa1cc18ec7', 'Jevon Yost', 'Rico_Hermiston68@hotmail.com', '334-674-7386', 'Nv2jc5sD3WWlpAG', 'c4b4:4bc6:8edc:9229:0b19:98ff:2740:7196', 'b'::character varying, now(), now()),
('7f1b7191-9c80-4247-a771-adab49e0c433', 'Ellsworth Wisoky', 'Genevieve59@gmail.com', '744-568-3305', 'GIjUi_YH47J4eoZ', 'c387:967b:f1be:7fd4:d8d5:f9f5:5207:c7df', 'b'::character varying, now(), now()),
('28053f9b-2d06-4b8d-870c-85881745d5d9', 'Lonzo O Keefe', 'Fletcher30@gmail.com', '983-664-6084', 'Sm9jbN2E_SZpZz2', '974e:b100:0b97:f211:7a0a:cfa2:1319:d1dd', 'b'::character varying, now(), now()),
('13c31577-93c3-4e6c-9511-8891277855c6', 'Matilde Schmidt', 'Francesca5@gmail.com', '942-840-4638', 'H67FNl1GzQmQljT', '6082:2ff7:aaf2:ac60:e5f2:0471:db39:c231', 'b'::character varying, now(), now()),
('a701f88f-70a3-4f13-b350-bade3761ea12', 'Russell Graham', 'Aylin41@gmail.com', '696-299-2254', 'ZL9HVjMIzwUmkfb', 'b9e8:71b2:d51c:c984:4fb4:45e2:1f4e:5c2c', 'b'::character varying, now(), now()),
('47c39945-e44a-471c-b97e-1034cb13cf21', 'Stefanie Deckow', 'Maryam1@hotmail.com', '859-397-3647', '6W_jRI5n_yFuNT_', '8a02:3659:83af:a70f:2068:7fe3:e8ae:51eb', 'b'::character varying, now(), now()),
('c5f23fdb-f394-4911-b0f1-1a1a389db41f', 'Maia Towne', 'Roxanne83@gmail.com', '739-641-8557', '1e1_gVirmpuDjlq', 'ecac:2c95:b066:9f13:fd80:8de6:26eb:b979', 'b'::character varying, now(), now()),
('95d2150b-c1de-4e76-a9fe-9019c6f6a07b', 'Madyson Swaniawski', 'Eveline39@yahoo.com', '986-866-9228', 'p4GcKmJcK2zn35N', '5056:a33f:c57d:944b:e1df:a314:9127:cc98', 'b'::character varying, now(), now()),
('cc844cc6-8ab0-4570-b411-83e63cdf3b31', 'Melisa Schaden', 'Holden_Jacobi63@yahoo.com', '342-564-5400', 'P7nSF9FzK0PD7qn', '7be4:5426:f577:c189:7643:ce92:134d:71c0', 'b'::character varying, now(), now()),
('a412d584-36a6-47c5-8e59-11f3b6a49a23', 'Gunner Connelly', 'Demond22@hotmail.com', '989-904-8251', 'y216lgpkPDIKRca', '82aa:686a:3a8f:f121:26e7:0aa9:4d25:916b', 'b'::character varying, now(), now()),
('311db9fd-1f1d-4c42-a668-1009938dc5e6', 'Mafalda Schamberger', 'Newell_Bradtke@gmail.com', '299-550-2894', 'DFzW1Hs3omRz2Hr', '266e:1645:d4ef:eed3:ca1b:1f2c:1b3d:1c3c', 'b'::character varying, now(), now()),
('e6074753-9a5d-434b-8fdc-9789e72226fc', 'Jarod Cole', 'Manuel.Parker86@hotmail.com', '609-677-2817', 'x0AntCeYYeN0ZFt', 'c4f0:f241:53b3:11ac:0499:30aa:45bb:62d3', 'b'::character varying, now(), now()),
('b1b4b8fb-97c3-40e7-bc29-fcbca4e53cbd', 'Laney Frami', 'Estella_Lueilwitz58@yahoo.com', '424-666-9431', 'j7BYbKzeYeFmmVy', '4c03:aeaa:1aa0:4fb4:f597:0c6d:32b7:7023', 'b'::character varying, now(), now()),
('d224dad8-dc78-4cf4-b138-0cf63997771f', 'Morris Dickinson', 'Cory_Christiansen94@yahoo.com', '485-561-5965', 'cgfwi5hBmNZVY_U', '7600:fc42:217b:2749:f363:6185:2df5:7711', 'b'::character varying, now(), now()),
('bc30beef-9448-438a-b24b-be574bd663fd', 'Mariam Yundt', 'Frederique_Douglas27@gmail.com', '755-357-7994', 'bYm6YsB8EP0Gamo', '2471:0584:e904:5e81:b75d:415b:b592:d2c9', 'b'::character varying, now(), now()),
('1912ffa5-3ce7-4850-a122-7d20ba2a2fd9', 'Manuela Strosin', 'Noah.Strosin53@hotmail.com', '941-272-3955', 'paJR33T_VHyFai4', '8b06:1f6c:02ad:c10f:87dc:5653:3688:189e', 'b'::character varying, now(), now()),
('e6d69d2a-a651-43cc-9976-d6742cd72294', 'Camille Macejkovic', 'Damien_Osinski72@gmail.com', '880-493-3077', 'RMdqs0lx2gMW2nN', '44d7:7588:9c87:1542:8bdb:9bc4:b1e1:6856', 'b'::character varying, now(), now()),
('7230fa87-a85c-4559-9dcb-a1867a4ad5ef', 'Delaney Steuber', 'Ryley_Stamm31@yahoo.com', '502-988-1277', 'VVo_CLO5qdRYIw1', '5c2a:d5d2:90ac:e4d0:b987:ad48:8ad3:73cb', 'b'::character varying, now(), now()),
('900a4d77-2ff0-4130-bdce-ec6a1eac09b7', 'Vada Hand', 'Emmett_Kuhn81@gmail.com', '322-999-3718', 'ZRa7im76xgrYnv8', '44d5:1414:5ac4:0a69:11fe:0811:475c:957b', 'b'::character varying, now(), now()),
('344aa5dc-bf09-49cc-b5bd-d70690cbad3e', 'Jay Schroeder', 'Elvis93@hotmail.com', '978-643-2611', 'ILlGj0_zxnZd1RQ', 'cda2:f271:9da2:b039:801f:1a9e:a2a0:9972', 'b'::character varying, now(), now()),
('5882fde0-95e5-4a3a-a753-63a39222855c', 'Adolphus Stroman', 'Grover_Becker@gmail.com', '222-743-9761', 'MSCLPzRe9tHAkpV', '9426:faa6:f935:70e9:bf4d:0267:96c7:152e', 'b'::character varying, now(), now())
RETURNING *;
--
------------------------ END USERS ------------------------
--
--
------------------------ PRODUCTS ------------------------
--
INSERT INTO public.products
(id, "name", image, unit, category, created_at, updated_at)
VALUES
('8e2bff9d-18bb-471b-bcf7-891ef8f2657d', 'ACAI 60 CAPS UNILIFE', 'https://s3.amazonaws.com/uifaces/faces/twitter/yesmeck/128.jpg', 'un', 'Comida', now(), now()),
('9cf67117-c3d2-4f8a-a6e3-64345f5ae368', 'ACAI POLPA DESIDRATADA 150 G UNILIFE', 'https://s3.amazonaws.com/uifaces/faces/twitter/magoo04/128.jpg', 'un', 'Comida', now(), now()),
('0c9d539e-a760-4e8f-805c-8ab74599efb4', 'ACEROLA 60 CAPS UNILIFE', 'https://s3.amazonaws.com/uifaces/faces/twitter/magoo04/128.jpg', 'un', 'Comida', now(), now()),
('61abeeba-63da-460c-bdee-59543728fde3', 'ACUCAR DE COCO POTE 150G UNILIFE', 'https://s3.amazonaws.com/uifaces/faces/twitter/xiel/128.jpg', 'un', 'Comida', now(), now()),
('c93ef3c2-f50b-42e9-ae93-a9992a06fd24', 'ACUCAR DE COCO POTE 360G UNILIFE', 'https://s3.amazonaws.com/uifaces/faces/twitter/romanbulah/128.jpg', 'un', 'Comida', now(), now()),
('e5637965-7626-4f87-8f3e-7b4a5a6ab8e2', 'ACUCAR DE COCO SACHE 250G UNILIFE', 'https://s3.amazonaws.com/uifaces/faces/twitter/johnsmithagency/128.jpg', 'un', 'Comida', now(), now()),
('967e943c-850a-40c8-94e5-e44b363be487', 'AGAR AGAR 60 CAPS UNILIFE', 'https://s3.amazonaws.com/uifaces/faces/twitter/derekcramer/128.jpg', 'un', 'Comida', now(), now()),
('d61ebe6e-f226-4380-8644-498f6389e9bb', 'ALBUMINA EGG PR SACHE CHOCOLATE 500G UNILIFE', 'https://s3.amazonaws.com/uifaces/faces/twitter/claudioguglieri/128.jpg', 'un', 'Comida', now(), now()),
('d41a224e-54aa-407c-86fa-c15d49545d05', 'ALBUMINA EGG P SACHE MORAN 500G UNILIFE', 'https://s3.amazonaws.com/uifaces/faces/twitter/juamperro/128.jpg', 'un', 'Comida', now(), now()),
('b977f14c-fd9b-4280-b6a3-cef791c326fc', 'ALBUMINA LIFE EGG 2230 - POTE 500 GR – MORANGO', 'https://s3.amazonaws.com/uifaces/faces/twitter/gizmeedevil1991/128.jpg', 'un', 'Comida', now(), now()),
('99ae4c87-fcdc-4b62-b866-16e6d175bfaa', 'ALBUMINA LIFE EGG 2230 PROTEIN + VITAMINAS- POTE 500G SABOR', 'https://s3.amazonaws.com/uifaces/faces/twitter/n1ght_coder/128.jpg', 'un', 'Comida', now(), now()),
('3b424fff-a999-4a80-8cfb-1b7eb44a5b47', 'CHOCOLATE UNILIFE', 'https://s3.amazonaws.com/uifaces/faces/twitter/jerrybai1907/128.jpg', 'un', 'Comida', now(), now()),
('8d1cf9fc-0d2d-4cc2-a8e4-c789bf63a48d', 'ALCACHOFRA COM BERINJELA 400MG - 60 CAPS- UNILIFE', 'https://s3.amazonaws.com/uifaces/faces/twitter/perfectflow/128.jpg', 'un', 'Comida', now(), now()),
('85647fc1-f116-4684-9dc9-9290614b1808', 'AMORA 120 CAPS UNILIFE', 'https://s3.amazonaws.com/uifaces/faces/twitter/shalt0ni/128.jpg', 'un', 'Comida', now(), now()),
('da96d2cd-7a45-4361-a5c0-b0b29e31d169', 'AMORA 60 CAPS UNILIFE', 'https://s3.amazonaws.com/uifaces/faces/twitter/amayvs/128.jpg', 'un', 'Comida', now(), now()),
('53e70875-bdd6-4dac-a2c4-2670eb5d2a3e', 'AMORA COM GERMEM DE SOJA 550MG 60 CAPS', 'https://s3.amazonaws.com/uifaces/faces/twitter/joemdesign/128.jpg', 'un', 'Comida', now(), now()),
('e99787df-38b0-41a3-8160-4937ccfc2575', 'AMORA MIURA EM PÓ POTE 150 G UNILIFE', 'https://s3.amazonaws.com/uifaces/faces/twitter/jodytaggart/128.jpg', 'un', 'Comida', now(), now()),
('138a301a-aafa-484d-8dda-02c43c76e452', 'BANANA VERDE FARINHA 150 G UNILIFE', 'https://s3.amazonaws.com/uifaces/faces/twitter/pyronite/128.jpg', 'un', 'Comida', now(), now()),
('0e3cd232-8ab8-42d2-a31c-55c51de090c1', 'BATATA DOCE ROXA EM PO 400 G UNILIFE', 'https://s3.amazonaws.com/uifaces/faces/twitter/sachacorazzi/128.jpg', 'un', 'Comida', now(), now()),
('3fa0e6a5-98f3-4b81-bf56-2e19b68a6ae9', 'BATATA DOCE ROXA EM CON 4:1 100% EM PO 1KG UNILIFE', 'https://s3.amazonaws.com/uifaces/faces/twitter/martip07/128.jpg', 'un', 'Comida', now(), now()),
('203e5add-4956-460a-8448-d8f1da946073', 'BCAA - 180 CAPS UNILIFE', 'https://s3.amazonaws.com/uifaces/faces/twitter/tbakdesigns/128.jpg', 'un', 'Comida', now(), now()),
('5d026e21-f5fb-4d83-bcfb-a3d60277276c', 'BCAA EM PÓ SABOR LARANJA COM ACEROLA- 300GR- UNILIFE', 'https://s3.amazonaws.com/uifaces/faces/twitter/iqonicd/128.jpg', 'un', 'Comida', now(), now()),
('c9200fd7-37c4-46ca-811b-d3b489f8b21e', 'BEBIDA DE ARROZ KIDS- SABOR BAUNILHA-200GR – UNILIFE', 'https://s3.amazonaws.com/uifaces/faces/twitter/johnriordan/128.jpg', 'un', 'Comida', now(), now()),
('ddbca4b4-0bb4-4bda-b7b0-e3e21758f3cd', 'BEBIDA DE ARROZ- RICE MILK- 200GR – UNILIFE', 'https://s3.amazonaws.com/uifaces/faces/twitter/ssiskind/128.jpg', 'un', 'Comida', now(), now()),
('57ea7f2c-79d8-4b78-9de0-1d0c91b253f3', 'BERINGELA 60 CAPS UNILIFE', 'https://s3.amazonaws.com/uifaces/faces/twitter/karalek/128.jpg', 'un', 'Comida', now(), now()),
('80fd5931-90c3-4c10-81fe-96ab3c298155', 'BETACAROTENO 120 CAPS UNILIFE', 'https://s3.amazonaws.com/uifaces/faces/twitter/kaysix_dizzy/128.jpg', 'un', 'Comida', now(), now()),
('4cc37328-f2fc-46fd-b26d-c5d06dcddea9', 'BETACAROTENO 60 CAPS UNILIFE', 'https://s3.amazonaws.com/uifaces/faces/twitter/shadeed9/128.jpg', 'un', 'Comida', now(), now()),
('a28fb8b1-d027-4598-a070-3ec9967b63cd', 'BIOVITON 120 CAPS UNILIFE', 'https://s3.amazonaws.com/uifaces/faces/twitter/posterjob/128.jpg', 'un', 'Comida', now(), now()),
('49b0e319-a22d-482b-8664-49ff28bdfcfe', 'BIOVITON COMPOSTO 500 ML UNILIFE', 'https://s3.amazonaws.com/uifaces/faces/twitter/evandrix/128.jpg', 'un', 'Comida', now(), now()),
('b9521c9b-fa11-4f19-b03e-fad58039c63f', 'BULK LOAD PRE TREINO-Creatina-Taurina+ ZMAeVit.-Sabor Guaraná c/ Açaí –', 'https://s3.amazonaws.com/uifaces/faces/twitter/hasslunsford/128.jpg', 'un', 'Comida', now(), now()),
('8ee4b3ed-dec8-4209-a1b4-09687f9f2a6d', 'CAFÉ VERDE 90 CAPS UNILIFE', 'https://s3.amazonaws.com/uifaces/faces/twitter/joelhelin/128.jpg', 'un', 'Comida', now(), now()),
('542c4f7b-7944-4f8e-a2a9-8c3f07a331c5', 'CAFEÍNA 120 CAPS UNILIFE', 'https://s3.amazonaws.com/uifaces/faces/twitter/flashmurphy/128.jpg', 'un', 'Comida', now(), now()),
('d72c2601-bbcb-4f0a-8ad5-8a1c354219fd', 'CAFEÍNA 60 CAPS UNILIFE', 'https://s3.amazonaws.com/uifaces/faces/twitter/baumannzone/128.jpg', 'un', 'Comida', now(), now()),
('4935ffa5-eb8b-4c37-962c-6eb8abe68c92', 'CALCIO QUELATO 60 CAPS UNILIFE', 'https://s3.amazonaws.com/uifaces/faces/twitter/mighty55/128.jpg', 'un', 'Comida', now(), now()),
('54cf11d4-7cee-4921-8b23-8da74482b151', 'CARTACOCO 1200MG 60 CAPS UNILIFE', 'https://s3.amazonaws.com/uifaces/faces/twitter/thierrymeier_/128.jpg', 'un', 'Comida', now(), now()),
('6477b1bb-6e39-4872-a220-251f25d267e0', 'CARTAMO 1200MG CL 1000- 10 CAPS- UNILIFE', 'https://s3.amazonaws.com/uifaces/faces/twitter/ilya_pestov/128.jpg', 'un', 'Comida', now(), now()),
('60063f0b-8ddc-447b-9d63-6a8026e68dc6', 'CHA BRANCO INSTANTANEO 220G UNILIFE', 'https://s3.amazonaws.com/uifaces/faces/twitter/hota_v/128.jpg', 'un', 'Comida', now(), now()),
('96f1103d-1aa6-4065-93f0-8ff2c5efec79', 'CHÁ MACTHA PURO E ORGANICO 30G – UNILIFE', 'https://s3.amazonaws.com/uifaces/faces/twitter/mirfanqureshi/128.jpg', 'un', 'Comida', now(), now()),
('82ea9ddf-0207-4b47-a824-74dad8faf27d', 'CHA MISTO BIODREAM 100G UNILIFE', 'https://s3.amazonaws.com/uifaces/faces/twitter/ntfblog/128.jpg', 'un', 'Comida', now(), now()),
('ee035292-89d9-42c3-8a0b-7ddc47cf799d', 'CHA VERDE 120 COMPRIMIDOS UNILIFE', 'https://s3.amazonaws.com/uifaces/faces/twitter/smalonso/128.jpg', 'un', 'Comida', now(), now()),
('772cde70-5fc1-4f58-a1fc-c4fcd43269a2', 'CHA VERDE COM COLAGENO E STEVIA- POTE- 220G UNILIFE', 'https://s3.amazonaws.com/uifaces/faces/twitter/ryanmclaughlin/128.jpg', 'un', 'Comida', now(), now()),
('8dd5649f-7c68-4c84-a194-44a1114623d3', 'CHA VERDE SOLUVEL LIMAO 220G – UNILIFE', 'https://s3.amazonaws.com/uifaces/faces/twitter/aleclarsoniv/128.jpg', 'un', 'Comida', now(), now()),
('c55774f1-afe3-4945-b70b-6bb59790c7a0', 'CHA VERMELHO INSTANTANEO- 220G UNILIFE', 'https://s3.amazonaws.com/uifaces/faces/twitter/dannol/128.jpg', 'un', 'Comida', now(), now()),
('f1ed9417-34cd-4d3f-a934-8e52e6f77d45', 'CHIA SEMENTE 60 CAPS UNILIFE', 'https://s3.amazonaws.com/uifaces/faces/twitter/baluli/128.jpg', 'un', 'Comida', now(), now()),
('0ed53528-f9dc-4205-b3a5-aef82fe9efc2', 'CHIA SEMENTE POTE 170G UNILIFE', 'https://s3.amazonaws.com/uifaces/faces/twitter/klimmka/128.jpg', 'un', 'Comida', now(), now()),
('ff7be2af-fb1b-435e-94c0-f26a38e21c2e', 'CHOCOFIT ACHOCOLATADO DIET 200G UNILIFE', 'https://s3.amazonaws.com/uifaces/faces/twitter/sasha_shestakov/128.jpg', 'un', 'Comida', now(), now()),
('a25f862a-4513-4ab2-bbad-23481378cb90', 'CLORELLA 60 CAPS UNILIFE', 'https://s3.amazonaws.com/uifaces/faces/twitter/helderleal/128.jpg', 'un', 'Comida', now(), now()),
('1aa29889-f4d0-4715-8b72-e11b4df2e5e3', 'CLORETO DE MAGNÉSIO DISPLAY C/ 20 SACHES UNILIFE', 'https://s3.amazonaws.com/uifaces/faces/twitter/johannesneu/128.jpg', 'un', 'Comida', now(), now()),
('47ce141c-061f-4420-a797-5ec4ab94db45', 'CLORETO DE MAGNESIO P.A - SACHE- CAIXA DISPLAY 10 UNID. UNILIFE', 'https://s3.amazonaws.com/uifaces/faces/twitter/sta1ex/128.jpg', 'un', 'Comida', now(), now()),
('d5285434-af6c-4589-8f91-22ce531cd34e', 'CLORETO DE MAGNESIO P.A 120 CAPS UNILIFE', 'https://s3.amazonaws.com/uifaces/faces/twitter/salleedesign/128.jpg', 'un', 'Comida', now(), now()),
('363555a1-ab1c-4d75-8eb0-9586cf8830ed', 'CLORETO DE MAGNESIO P.A 60 CAPS UNILIFE', 'https://s3.amazonaws.com/uifaces/faces/twitter/bermonpainter/128.jpg', 'un', 'Comida', now(), now()),
('ca33e879-9de4-4f9b-9e6a-8413536709a4', 'CLORETO DE MAGNESIO P.A POTE 500GR', 'https://s3.amazonaws.com/uifaces/faces/twitter/peachananr/128.jpg', 'un', 'Comida', now(), now()),
('7e6dec94-9770-4099-853d-4940a79d0469', 'CLORETO DE MAGNESIO P.A SACHE METALIZADO 1KG', 'https://s3.amazonaws.com/uifaces/faces/twitter/panghal0/128.jpg', 'un', 'Comida', now(), now()),
('3b4ed624-bdf8-4d91-9a37-f4a8d6461cfb', 'COENZIMA COQ-10 60 CAPS UNILIFE', 'https://s3.amazonaws.com/uifaces/faces/twitter/magugzbrand2d/128.jpg', 'un', 'Comida', now(), now()),
('2c32a188-12af-4f6a-83e9-061fbf6135d4', 'COGUMELO 120 CAPS UNILIFE', 'https://s3.amazonaws.com/uifaces/faces/twitter/imsoper/128.jpg', 'un', 'Comida', now(), now())
RETURNING *;
--
------------------------ END PRODUCTS ------------------------
--
--
------------------------ DELIVERY POINTS ------------------------
--

INSERT INTO public.delivery_points
(id, city, state, suburb, street, "number", cep, created_at, updated_at)
VALUES
('6d05fca3-fb7c-45ef-b45d-75d8784a8791', 'South Baylee', 'South Carolina', '5579 Kilback Field', 'Cartwright Tunnel', 81375, '07043', now(), now()),
('f924eca8-50ee-48cf-a917-e9c507326f05', 'South Noemie', 'New Hampshire', '70892 Conn Garden', 'Streich Roads', 10619, '30203', now(), now()),
('7d202c62-ed3b-4e95-8188-992b3ba2fd6b', 'West Abelardo', 'Montana', '86846 White Station', 'Johnny Station', 62736, '49684', now(), now()),
('e0bc21f5-3ab3-4b40-966b-6ae4dfe70f9b', 'South Marcellaton', 'Louisiana', '25651 Fritsch Dale', 'Koss Divide', 48299, '63452-9489', now(), now()),
('aad45b0c-023c-4551-ba82-67642505fcae', 'Cronahaven', 'Hawaii', '87504 Freeman Underpass', 'Nora Isle', 55696, '89322', now(), now()),
('036076c7-c27e-43a3-8ea1-b8c2627577e9', 'South Carolanne', 'New Hampshire', '05082 Colton Falls', 'Zaria Forge', 54087, '06377-0238', now(), now()),
('38eb355f-50ca-4d3e-ab91-34bbb0d14cd6', 'Kelliburgh', 'Vermont', '8105 Olson Groves', 'Mason Valley', 801, '87171-7235', now(), now()),
('8b27a720-f976-4172-b443-9dee78212cb6', 'New Verlieview', 'New Mexico', '8268 Balistreri Ports', 'Magali Walks', 99850, '30480', now(), now()),
('af3248e3-0b9a-4af5-85c0-df0ce60d8b50', 'North Everett', 'Virginia', '735 Jerde Overpass', 'O Reilly Glen', 87511, '99301', now(), now()),
('4ec0d2d8-114a-4f22-82f4-7a308b18a32c', 'South Jaydahaven', 'New York', '823 Jamarcus Orchard', 'Keely Mews', 62197, '26288-8045', now(), now()),
('db176480-5b39-40af-980f-d03e5337dc20', 'Connport', 'New York', '86739 Jett Mountain', 'Kerluke Roads', 4090, '01823-0965', now(), now()),
('792b0969-a91c-467c-9ab6-f8557bb8f91b', 'South Maeve', 'Illinois', '5399 Teresa Crescent', 'Durward Villages', 33551, '37247', now(), now()),
('72eb03a4-973c-4cf2-af52-f9d0657800f7', 'Adrianberg', 'California', '895 Waters Fork', 'Aufderhar Plaza', 11970, '74918-8680', now(), now()),
('73779a44-4db0-4ef1-8c50-9dc7ca663330', 'Volkmanmouth', 'Nevada', '63822 Cade Causeway', 'Enrico Lane', 86237, '48635', now(), now()),
('1809041d-fbc3-43c6-9ec7-0818f1a95e4d', 'New Cecilia', 'Connecticut', '257 Romaguera Prairie', 'Linnie Vista', 31786, '00807', now(), now()),
('fa813f96-df79-438a-b9df-05920ce8bd66', 'Daishamouth', 'Oklahoma', '277 Marvin Key', 'Sipes Manor', 16095, '63047', now(), now()),
('de443d76-7258-408d-a0d7-451e7247d01e', 'Auerview', 'Georgia', '485 Dax Estates', 'Streich Trail', 57397, '55578-0776', now(), now()),
('469a6093-5a68-42fb-9f36-2a7151efe6f4', 'Hyattport', 'Alabama', '57151 Fausto Grove', 'Ubaldo Well', 70728, '73042-8816', now(), now()),
('bd3309a8-e114-4d43-a8c2-663779c237f6', 'Stoltenbergchester', 'Michigan', '96120 Feeney Keys', 'Helena Greens', 98181, '69998-4783', now(), now()),
('ec63adcf-87cb-4b3d-9e2b-d2da91b38114', 'East Monique', 'Oregon', '8566 McKenzie Ferry', 'Torp Trail', 39373, '41309-1554', now(), now()),
('429c0bef-f088-4495-9da8-5c02fa3d9c84', 'Janickton', 'Oklahoma', '12063 Ulices Mission', 'Jude Radial', 94821, '56614', now(), now()),
('6fe1f419-faaf-4ef5-a228-ce03456678db', 'Lake King', 'Mississippi', '6124 Baumbach Plains', 'Pattie Light', 92212, '89752-0964', now(), now()),
('0a812912-2a68-4a0b-b3df-7d5daad028e0', 'Violaburgh', 'South Dakota', '4909 Delfina Creek', 'Mraz Passage', 48917, '87412-2293', now(), now()),
('40e003be-eb47-4126-b709-97afcfda241b', 'Riceton', 'West Virginia', '03111 Kathlyn Place', 'Anna Ridge', 81599, '10695-2015', now(), now()),
('58a7dc99-6bac-428d-b799-73c8a6212158', 'Millsshire', 'Alabama', '4051 Zoey Points', 'Dameon Junctions', 18915, '84707-9946', now(), now()),
('acb5a462-78fc-4d9c-95c2-690d65c4f1f8', 'Kertzmannside', 'Texas', '84750 Kitty Viaduct', 'Swift Green', 45392, '08505-3931', now(), now())
RETURNING *;
--
------------------------ END DELIVERY POINTS ------------------------
--
--
------------------------ STOCK ------------------------
--
INSERT INTO public.stock
(id, product_id, price, batch, quantity, created_at, updated_at)
VALUES
('2d34d764-9da2-4e98-830d-5ba748349727', '8e2bff9d-18bb-471b-bcf7-891ef8f2657d', 55987.96, '0xE',87087, now(), now()),
('b5425141-cb34-43de-9154-a626d1022558', '9cf67117-c3d2-4f8a-a6e3-64345f5ae368', 23845.98, '0xf',57869, now(), now()),
('98ed3370-1d35-468a-9e5f-cf265456c407', '0c9d539e-a760-4e8f-805c-8ab74599efb4', 43687.01, '0x4',89771, now(), now()),
('8ad46ef5-3c6d-4bbd-b51d-c47e173eebe7', '61abeeba-63da-460c-bdee-59543728fde3', 91193.12, '0x3',21094, now(), now()),
('edfb3974-c8d8-4f17-99a5-e6b2e8a77eaf', 'c93ef3c2-f50b-42e9-ae93-a9992a06fd24', 64054.57, '0xB',77436, now(), now()),
('dd5eee5a-4ed3-4a27-9ded-1b2ea7274e02', 'e5637965-7626-4f87-8f3e-7b4a5a6ab8e2', 65670.95, '0xe',2261, now(), now()),
('331cf41f-8720-4e85-a1be-6543d3990b2f', '967e943c-850a-40c8-94e5-e44b363be487', 1351.9, '0xE',84742, now(), now()),
('e2f383fe-e88c-427a-ace1-8161a9f53de1', 'd61ebe6e-f226-4380-8644-498f6389e9bb', 22330.19, '0xE',8073, now(), now()),
('0cb89d25-d7ff-46fc-a3b7-b176ffa4c072', 'd41a224e-54aa-407c-86fa-c15d49545d05', 86850.89, '0x7',7099, now(), now()),
('9d915f7a-77d6-4eff-aeb5-94d519ba60af', 'b977f14c-fd9b-4280-b6a3-cef791c326fc', 2592.01, '0x8',30102, now(), now()),
('d760aef6-343b-4dad-85f2-8ed8a736578b', '99ae4c87-fcdc-4b62-b866-16e6d175bfaa', 96539.07, '0xE',88081, now(), now()),
('3cf0c328-9263-40d4-abe8-ed07349794f3', '3b424fff-a999-4a80-8cfb-1b7eb44a5b47', 45368.46, '0xd',46688, now(), now()),
('d5b0a084-f10b-4bcf-999e-199994d20539', '8d1cf9fc-0d2d-4cc2-a8e4-c789bf63a48d', 32764.62, '0x6',92278, now(), now()),
('fe23f323-9562-4f48-bbac-31e16e8a4f90', '85647fc1-f116-4684-9dc9-9290614b1808', 95871.31, '0xA',11539, now(), now()),
('85da8bf4-b8b4-4ca9-8968-06ae237af072', 'da96d2cd-7a45-4361-a5c0-b0b29e31d169', 82263.5, '0x5',79291, now(), now()),
('c14f639d-2cab-49f9-b12e-6aed110cd228', '53e70875-bdd6-4dac-a2c4-2670eb5d2a3e', 71377.5, '0xe',69196, now(), now()),
('da0b700f-e78c-4ebc-923b-aeabdcf52bd6', 'e99787df-38b0-41a3-8160-4937ccfc2575', 17910.88, '0xd',60673, now(), now()),
('2b8d21ed-3330-4ede-a408-30fd83396198', '138a301a-aafa-484d-8dda-02c43c76e452', 76148.23, '0x9',38994, now(), now()),
('4438405d-a4cb-4696-8db0-09126ac5c61c', '0e3cd232-8ab8-42d2-a31c-55c51de090c1', 56013.83, '0x7',94517, now(), now()),
('25dbf27f-9475-47f3-aea6-657ba241fc7b', '3fa0e6a5-98f3-4b81-bf56-2e19b68a6ae9', 98382.71, '0x7',14078, now(), now()),
('5487212d-9b21-471f-b586-04a59a01d1a5', '203e5add-4956-460a-8448-d8f1da946073', 646.82, '0x0',97744, now(), now()),
('f786cdcc-66b8-4ab5-a9d0-2002dc6b1848', '5d026e21-f5fb-4d83-bcfb-a3d60277276c', 84484.33, '0xF',15969, now(), now()),
('b5eb4aaa-f341-42d8-b9a4-8975c0c20991', 'c9200fd7-37c4-46ca-811b-d3b489f8b21e', 34586.76, '0xf',66036, now(), now()),
('d8a0483e-3eef-43d9-b48f-2ad3c9e9ed5b', 'ddbca4b4-0bb4-4bda-b7b0-e3e21758f3cd', 65354.65, '0xe',42032, now(), now()),
('16cb0119-3db9-456d-b9b0-ff20026cfc9c', '57ea7f2c-79d8-4b78-9de0-1d0c91b253f3', 75429.58, '0xD',59044, now(), now()),
('5ab77663-012a-4f2b-9989-cddcd618c1f7', '80fd5931-90c3-4c10-81fe-96ab3c298155', 79724.5, '0x1',46305, now(), now()),
('0100120f-574b-4cee-9618-f2a15e2a52f2', '4cc37328-f2fc-46fd-b26d-c5d06dcddea9', 36352.96, '0x7',83282, now(), now()),
('21fe628b-ff82-465d-a7be-24d4eb526053', 'a28fb8b1-d027-4598-a070-3ec9967b63cd', 23269.62, '0xa',4404, now(), now()),
('168a1389-7e0d-4da1-9564-7fe66f3ffa14', '49b0e319-a22d-482b-8664-49ff28bdfcfe', 63482.98, '0x6',43867, now(), now()),
('fdd95a71-1627-4e78-a40b-4fd5c0f09aec', 'b9521c9b-fa11-4f19-b03e-fad58039c63f', 50341.35, '0xa',79804, now(), now()),
('a58cfd9a-9657-41aa-a9db-e563f53e47f0', '8ee4b3ed-dec8-4209-a1b4-09687f9f2a6d', 20096.23, '0x3',41980, now(), now()),
('696ca429-d398-4f29-bc08-b6e54b0e262e', '542c4f7b-7944-4f8e-a2a9-8c3f07a331c5', 1438.56, '0x2',90434, now(), now()),
('747a97c9-4a19-48fb-93e1-d846a3ae0acf', 'd72c2601-bbcb-4f0a-8ad5-8a1c354219fd', 57034.46, '0xa',53189, now(), now()),
('396afcac-09d0-4dd8-9ff8-e1cf3967f1cc', '4935ffa5-eb8b-4c37-962c-6eb8abe68c92', 53024.58, '0x6',86200, now(), now()),
('390dd5c5-8e01-4cba-8a92-d95ef4e4b849', '54cf11d4-7cee-4921-8b23-8da74482b151', 92916.01, '0x7',11892, now(), now()),
('916bf8bf-d27b-4df6-a515-9097eb52961f', '6477b1bb-6e39-4872-a220-251f25d267e0', 20700.75, '0x1',83863, now(), now()),
('e7aaf457-6797-42f6-95b9-aab60638f81b', '60063f0b-8ddc-447b-9d63-6a8026e68dc6', 66923.4, '0x1',60217, now(), now()),
('9f5ec575-72b0-435d-a9ad-631d2816330c', '96f1103d-1aa6-4065-93f0-8ff2c5efec79', 14384.29, '0xC',60455, now(), now()),
('566b4738-bd92-425a-b731-53e7e077743b', '82ea9ddf-0207-4b47-a824-74dad8faf27d', 7288.7, '0xC',30375, now(), now()),
('a927ee56-3dcb-4a25-98fd-5e6ebe9de20c', 'ee035292-89d9-42c3-8a0b-7ddc47cf799d', 61490.49, '0x1',85877, now(), now()),
('f6d74c7f-de8f-4dbb-873f-862182a78e99', '772cde70-5fc1-4f58-a1fc-c4fcd43269a2', 28331.46, '0x0',63531, now(), now()),
('07fe7f14-24fd-458a-a27c-ff97db486a41', '8dd5649f-7c68-4c84-a194-44a1114623d3', 34278.61, '0xd',85656, now(), now()),
('87d8db74-7228-4cc1-addb-d1ef3ff0a4c8', 'c55774f1-afe3-4945-b70b-6bb59790c7a0', 79807.82, '0x0',76619, now(), now()),
('b290682e-5d65-48cc-8740-9bc4210f5241', 'f1ed9417-34cd-4d3f-a934-8e52e6f77d45', 83421.85, '0xd',46847, now(), now()),
('efdbe830-c957-488a-abd5-e9ba16d17f99', '0ed53528-f9dc-4205-b3a5-aef82fe9efc2', 87821.21, '0x3',55946, now(), now()),
('5886308b-a6bc-44de-882d-3df37dca2d1d', 'ff7be2af-fb1b-435e-94c0-f26a38e21c2e', 77316.74, '0xf',92392, now(), now()),
('e82b7ef3-b0cf-4eb2-a71e-de0a0a99d62b', 'a25f862a-4513-4ab2-bbad-23481378cb90', 42416.72, '0x2',34040, now(), now()),
('1fcb2747-de13-4f08-934a-df805868310c', '1aa29889-f4d0-4715-8b72-e11b4df2e5e3', 27990.82, '0x0',49048, now(), now()),
('8ccb9650-5987-4720-bb1e-5c118deae7fc', '47ce141c-061f-4420-a797-5ec4ab94db45', 12337.51, '0x9',86885, now(), now()),
('85d95a99-ca96-4f47-aa2d-0b8c59a19361', 'd5285434-af6c-4589-8f91-22ce531cd34e', 39803.56, '0xd',99003, now(), now()),
('c0dc9c91-4a0a-4a94-903b-1ed1daeaf142', '363555a1-ab1c-4d75-8eb0-9586cf8830ed', 83576.48, '0xe',70377, now(), now()),
('26a92615-094e-48c1-8218-4a6044814a18', 'ca33e879-9de4-4f9b-9e6a-8413536709a4', 87339.54, '0x4',32563, now(), now()),
('fb3e8763-f271-4980-b041-ee3139a37aeb', '7e6dec94-9770-4099-853d-4940a79d0469', 64895.54, '0xe',67258, now(), now()),
('41de2a17-3044-4975-bb43-1fb1526e2972', '3b4ed624-bdf8-4d91-9a37-f4a8d6461cfb', 1887.42, '0x1',43204, now(), now()),
('7d61f6cf-4f82-414c-8b20-bacd3456f354', '2c32a188-12af-4f6a-83e9-061fbf6135d4', 63592.21, '0xE',18052, now(), now())
RETURNING * ;
--
------------------------ END STOCK ------------------------
--
--
------------------------ ORDERS ------------------------
--
INSERT INTO public.orders
(id, "date", value, payment_type, delivery_point_id, user_id, created_at, updated_at)
VALUES
('839de150-c1d9-413d-8a79-4a1e9718cb84',now(),76333.08,'pix','bd3309a8-e114-4d43-a8c2-663779c237f6','dbfeceee-a700-47d5-9090-72053de330a3', now(),now()),
('4f9a12f0-e990-4754-99ba-d5b106fcbae6',now(),41240.88,'pix','bd3309a8-e114-4d43-a8c2-663779c237f6','01dbd514-6c60-44d8-8319-e23f09035608', now(),now()),
('690cf7fd-c934-4cb2-8ef4-94cd594c331c',now(),46249.74,'pix','bd3309a8-e114-4d43-a8c2-663779c237f6','8faef224-dd8c-44fd-9f40-bfee30419f64', now(),now()),
('feba4e24-28e9-46b5-bd59-77cce63dd2f0',now(),62750.45,'pix','bd3309a8-e114-4d43-a8c2-663779c237f6','339c07a8-0e54-4439-8caa-261f88d113ae', now(),now()),
('cdee4c31-f23e-49f2-8600-e3a7cd8854f5',now(),4266.19,'pix','bd3309a8-e114-4d43-a8c2-663779c237f6','6082a9d5-95ca-4a00-98ce-899661eeaa78', now(),now()),
('466ebf8e-aee7-4e24-8006-168423fb7acc',now(),73169.82,'pix','bd3309a8-e114-4d43-a8c2-663779c237f6','ad5acbe2-7787-4fd9-85ab-64d72e7b12cd', now(),now()),
('51d9f78a-b928-4d95-aae3-bb4ade3525f0',now(),16463.72,'pix','bd3309a8-e114-4d43-a8c2-663779c237f6','918d2785-e874-44b4-9112-2e8e1187092f', now(),now()),
('d2aeb42e-1933-4e1b-88bc-c7857f241edd',now(),85233.5,'pix','bd3309a8-e114-4d43-a8c2-663779c237f6','4be2b52b-32bd-4ff0-93b5-baf853b55e4d', now(),now()),
('09c772c2-1af3-4056-b048-2e764a4294c3',now(),173.28,'pix','bd3309a8-e114-4d43-a8c2-663779c237f6','f92da41b-b8b6-4969-b615-5e85be7c9551', now(),now()),
('e7da1e6a-a811-4041-be3a-8d80d76f7277',now(),19026.22,'pix','bd3309a8-e114-4d43-a8c2-663779c237f6','e2d07323-5027-478d-a9de-83552573aee0', now(),now()),
('444746cf-43ce-4a00-b78c-e74902cfc949',now(),22147.65,'pix','bd3309a8-e114-4d43-a8c2-663779c237f6','b645a378-94db-480f-867d-69516c153adf', now(),now()),
('66290108-9740-46a8-a254-d3f7337bc85d',now(),28496.21,'pix','bd3309a8-e114-4d43-a8c2-663779c237f6','34d5669a-49c5-4731-9510-bad757cbb214', now(),now()),
('a83bd7d7-de7a-4519-a278-707670e1498c',now(),95904.84,'pix','bd3309a8-e114-4d43-a8c2-663779c237f6','e460c0a2-69af-4b8c-a7cf-22d7da507f6b', now(),now()),
('c9de7177-1dc3-444f-8851-abca48db9852',now(),60287.72,'pix','bd3309a8-e114-4d43-a8c2-663779c237f6','5bcbd191-3fa3-4653-8c86-2962c82ee039', now(),now()),
('1a731908-a4ef-4872-85f8-ce56d7c56c2d',now(),42041.03,'pix','bd3309a8-e114-4d43-a8c2-663779c237f6','3da0c771-5f16-4257-8edd-feda204fae36', now(),now()),
('a4707d01-a4d5-4d71-8ff4-dbcde102943d',now(),32924.92,'pix','bd3309a8-e114-4d43-a8c2-663779c237f6','182b6d9a-08d0-42d0-ba9c-785f88e2d361', now(),now()),
('cbbd06db-9b2d-4931-af17-53413c225ee2',now(),66425.61,'pix','bd3309a8-e114-4d43-a8c2-663779c237f6','3e66169b-3b04-4163-86f9-b7caff932909', now(),now()),
('36f6b0a1-09cd-455b-89ed-d31d7143c667',now(),62688.74,'pix','bd3309a8-e114-4d43-a8c2-663779c237f6','1369a229-1e91-4c28-a8e4-e42cba53697c', now(),now()),
('5db6051f-fc13-4441-8e5f-100bc03209c2',now(),74052.55,'pix','bd3309a8-e114-4d43-a8c2-663779c237f6','07a675d1-9605-406e-9ab7-821e58fc0426', now(),now()),
('69d334cb-5c12-4b71-927e-68a4695ed3fe',now(),54365.08,'pix','bd3309a8-e114-4d43-a8c2-663779c237f6','f247c2ae-6642-4e88-9ce8-363123a302fc', now(),now()),
('ca2ddcea-680b-484e-aebe-19bcde1a6fa4',now(),37085.66,'pix','bd3309a8-e114-4d43-a8c2-663779c237f6','63a47afc-b5a3-4fd8-8bf1-69bf8615530a', now(),now()),
('91aae63f-b151-4a98-b87b-cee8b8d4030e',now(),77596.06,'pix','bd3309a8-e114-4d43-a8c2-663779c237f6','91b58c5a-8f48-4a97-94ae-3ff3aab259a9', now(),now()),
('7a446a9d-0d38-45bc-a4d0-4f66c0ebead3',now(),61249.7,'pix','bd3309a8-e114-4d43-a8c2-663779c237f6','ba7562d5-ef72-4de9-8a83-b8a705e4f20a', now(),now()),
('57756dd0-2ada-43ce-b6ba-805606635858',now(),68168.81,'pix','bd3309a8-e114-4d43-a8c2-663779c237f6','c815ffae-3d1c-48a8-a36d-1c81dfb6de90', now(),now()),
('ffa7fe24-bf1f-46f0-80ee-ed0de6feb463',now(),66072.29,'pix','bd3309a8-e114-4d43-a8c2-663779c237f6','b26ae46f-7d06-4fb5-a380-e47356e5be9c', now(),now()),
('47e690de-12fb-4ea8-aef4-7509097b83b2',now(),50436,'pix','bd3309a8-e114-4d43-a8c2-663779c237f6','397eee78-61e8-4d00-bd76-c5fb3d5fc60a', now(),now()),
('80213754-ae1a-4d67-8245-726740fcb5c4',now(),91278.38,'pix','bd3309a8-e114-4d43-a8c2-663779c237f6','75a5ceea-1fb9-4b13-aab1-6749631d5d3f', now(),now()),
('aa7fb811-a76d-406f-8686-ac35852bb62f',now(),10909.46,'pix','bd3309a8-e114-4d43-a8c2-663779c237f6','6e2e8d11-5a87-42c7-8b38-ab176d2d0480', now(),now()),
('8b5fbe9c-bf2e-4a38-b450-4cf464383d4c',now(),1829.3,'pix','bd3309a8-e114-4d43-a8c2-663779c237f6','3660e624-3338-49c7-bc64-5570ef408e53', now(),now()),
('fd807cdb-2dcc-4552-af0f-91ddd5e3154e',now(),61768.86,'pix','bd3309a8-e114-4d43-a8c2-663779c237f6','e2ce96e4-ee74-425e-9052-db5b8783e705', now(),now()),
('10db865e-2744-483d-86b5-a0a0edabef89',now(),32453.06,'pix','bd3309a8-e114-4d43-a8c2-663779c237f6','f08a3dcd-0f45-4803-b35c-de085275815a', now(),now()),
('94b42f2c-bf04-40ff-86f9-6783d6dfe226',now(),29574.61,'pix','bd3309a8-e114-4d43-a8c2-663779c237f6','01928bec-10ab-499e-b531-c6c784febbc0', now(),now()),
('aa4993f5-8e8c-4689-8903-907bfea010f8',now(),3032.78,'pix','bd3309a8-e114-4d43-a8c2-663779c237f6','2ff2b630-21f6-44fe-b753-1da70ee58f65', now(),now()),
('5340360d-b817-4cd5-938c-bfb788ef5b36',now(),83952.06,'pix','bd3309a8-e114-4d43-a8c2-663779c237f6','d84a6b0b-6732-46a8-a8d7-feaad85c701e', now(),now()),
('e891e865-9425-4d81-83d7-848fb9757fc8',now(),73685.77,'pix','bd3309a8-e114-4d43-a8c2-663779c237f6','16fe258c-4eb4-4a10-bfa3-6cf49ecc05f6', now(),now()),
('6948641c-33dd-4144-9e9e-6243e8a1b6cc',now(),98965.44,'pix','bd3309a8-e114-4d43-a8c2-663779c237f6','00a21b5b-bda3-4eba-a224-28c3c9359810', now(),now()),
('46f172ad-7c9f-4465-8a06-00734ade8557',now(),56308.41,'pix','bd3309a8-e114-4d43-a8c2-663779c237f6','9b8979ee-59e5-4046-8a7e-b799f10991b2', now(),now()),
('75b1019c-0a89-436e-b042-0b9bfab4ea6a',now(),50701.57,'pix','bd3309a8-e114-4d43-a8c2-663779c237f6','cb11482c-0cce-498e-a7a9-598917a50b94', now(),now()),
('c8ab2698-e370-42b5-a800-9589fac65861',now(),61366.79,'pix','bd3309a8-e114-4d43-a8c2-663779c237f6','4bebdfd4-e26d-4ba7-b556-5c37c6d9084f', now(),now()),
('d12095ff-8643-47aa-a5c4-e33376a4362f',now(),52175.93,'pix','bd3309a8-e114-4d43-a8c2-663779c237f6','3166baea-f750-4849-b8df-0682efec8ea2', now(),now()),
('da625b33-c846-4b94-b9ff-c1b6452a16e9',now(),3567.02,'pix','bd3309a8-e114-4d43-a8c2-663779c237f6','ec6f13ca-7455-4b8f-b81a-3eb7dc3adde4', now(),now()),
('86b1b6e3-49c5-41a5-b532-492cb4e519f3',now(),74848.36,'pix','bd3309a8-e114-4d43-a8c2-663779c237f6','a0616339-61a3-4980-8bc7-ce898914f7d5', now(),now()),
('3eb98edb-d2cd-4f5c-bc91-c8e85cceca88',now(),77640.09,'pix','bd3309a8-e114-4d43-a8c2-663779c237f6','15b761c8-c113-4479-90d1-c5bce9820908', now(),now()),
('048aca32-7005-4ad5-b9b2-cbb52364298d',now(),52684.37,'pix','bd3309a8-e114-4d43-a8c2-663779c237f6','4240580a-4b69-47a3-bac5-6184c56e862e', now(),now()),
('a3c47eba-48a2-4d23-ac07-f3c387984a9b',now(),29633.29,'pix','bd3309a8-e114-4d43-a8c2-663779c237f6','15ea7a6e-5aeb-4ab3-af1f-d07e24a705a8', now(),now()),
('626e8bc7-2bf2-4eeb-8689-c047bb05f5ca',now(),19816.03,'pix','bd3309a8-e114-4d43-a8c2-663779c237f6','7cebe9e2-e42b-4100-bd74-6b5cebf313ec', now(),now()),
('3f051b76-48c5-47fe-8603-d2c049f8ded8',now(),68161.33,'pix','bd3309a8-e114-4d43-a8c2-663779c237f6','c3eee5eb-1952-4251-a490-e9ec7e313c27', now(),now()),
('db3f20f0-1305-464d-9271-5f20bd5c461e',now(),13075.85,'pix','bd3309a8-e114-4d43-a8c2-663779c237f6','e15ce080-727e-47cf-8ec8-9b9ec6d35b0e', now(),now()),
('1fece13c-69a5-4aa6-b639-d9e7770810d5',now(),65260.68,'pix','bd3309a8-e114-4d43-a8c2-663779c237f6','e7e7134b-5ecd-4a73-bc4a-ec9dc241c699', now(),now()),
('7f0fb4df-2742-4a5a-931c-1c0cb2d5edb2',now(),52740.86,'pix','bd3309a8-e114-4d43-a8c2-663779c237f6','b5077ea9-7dab-4c30-b63d-a10c67498fb3', now(),now()),
('fd6ab8fb-19f7-4749-b281-6d400f480bb6',now(),10487.53,'pix','bd3309a8-e114-4d43-a8c2-663779c237f6','8ea3b9ef-326a-4dde-9f49-5e8dd988ccf4', now(),now()),
('cc9c165e-d9e7-4b86-a7d4-845bc42a7a06',now(),26688.69,'pix','bd3309a8-e114-4d43-a8c2-663779c237f6','a22ed6aa-41fa-441d-9051-9d91b510485a', now(),now()),
('2cdb20ca-9a38-4e4c-84e6-a15a9d3169e6',now(),20878.8,'pix','bd3309a8-e114-4d43-a8c2-663779c237f6','a6ebb61d-a79c-40eb-a97e-bf172f4b0b62', now(),now())
RETURNING * ;
--
------------------------ END ORDERS ------------------------
--
--
------------------------ ORDER DETAILS ------------------------
--
INSERT INTO public.order_details
(id, order_id, product_id, unit_price, quantity, discount, created_at, updated_at)
VALUES
('362f7cea-05c3-49e2-b7cf-b7c95ef689a1','839de150-c1d9-413d-8a79-4a1e9718cb84','2c32a188-12af-4f6a-83e9-061fbf6135d4',null,3,0,now(),now()),
('09e976f7-a93b-48a9-be80-0f8a9bc26fd5','4f9a12f0-e990-4754-99ba-d5b106fcbae6','3b4ed624-bdf8-4d91-9a37-f4a8d6461cfb',null,3,0,now(),now()),
('43ae8822-15a1-40d0-962f-678ae7cf655b','690cf7fd-c934-4cb2-8ef4-94cd594c331c','7e6dec94-9770-4099-853d-4940a79d0469',null,3,0,now(),now()),
('79e9abae-946c-4b88-b344-35c6dc7402aa','feba4e24-28e9-46b5-bd59-77cce63dd2f0','ca33e879-9de4-4f9b-9e6a-8413536709a4',null,3,0,now(),now()),
('efe8671d-9b27-4724-9a5c-15a5986bff59','cdee4c31-f23e-49f2-8600-e3a7cd8854f5','363555a1-ab1c-4d75-8eb0-9586cf8830ed',null,3,0,now(),now()),
('78d2d048-b739-427f-9cc7-48ce0a2ef4d5','466ebf8e-aee7-4e24-8006-168423fb7acc','d5285434-af6c-4589-8f91-22ce531cd34e',null,3,0,now(),now()),
('0b8b0708-296e-482b-a13e-a193d63a03ff','51d9f78a-b928-4d95-aae3-bb4ade3525f0','47ce141c-061f-4420-a797-5ec4ab94db45',null,3,0,now(),now()),
('e3061d8c-a025-4576-8b32-8d93ce9a2dc1','d2aeb42e-1933-4e1b-88bc-c7857f241edd','1aa29889-f4d0-4715-8b72-e11b4df2e5e3',null,3,0,now(),now()),
('49e40b29-65cd-4719-9d31-84c626417997','09c772c2-1af3-4056-b048-2e764a4294c3','a25f862a-4513-4ab2-bbad-23481378cb90',null,3,0,now(),now()),
('ab211af2-5fd7-4586-b6aa-692384524ed2','e7da1e6a-a811-4041-be3a-8d80d76f7277','ff7be2af-fb1b-435e-94c0-f26a38e21c2e',null,3,0,now(),now()),
('c3d9ff03-36de-467b-9566-e8cafb2b9554','444746cf-43ce-4a00-b78c-e74902cfc949','0ed53528-f9dc-4205-b3a5-aef82fe9efc2',null,3,0,now(),now()),
('b5242ecf-0e26-4557-8792-b37701389dea','66290108-9740-46a8-a254-d3f7337bc85d','f1ed9417-34cd-4d3f-a934-8e52e6f77d45',null,3,0,now(),now()),
('126412ac-07bf-4c5e-b551-dde77a8ebac6','a83bd7d7-de7a-4519-a278-707670e1498c','c55774f1-afe3-4945-b70b-6bb59790c7a0',null,3,0,now(),now()),
('4390956a-7164-4168-b7bc-207e5273bd67','c9de7177-1dc3-444f-8851-abca48db9852','8dd5649f-7c68-4c84-a194-44a1114623d3',null,3,0,now(),now()),
('2cb3a252-1ba5-4290-a24f-6b869aa01257','1a731908-a4ef-4872-85f8-ce56d7c56c2d','772cde70-5fc1-4f58-a1fc-c4fcd43269a2',null,3,0,now(),now()),
('8b0ee10b-c4d7-45f7-b851-16f30da1a8cf','a4707d01-a4d5-4d71-8ff4-dbcde102943d','ee035292-89d9-42c3-8a0b-7ddc47cf799d',null,3,0,now(),now()),
('68255407-c247-42e4-827e-22b06a9525d6','cbbd06db-9b2d-4931-af17-53413c225ee2','82ea9ddf-0207-4b47-a824-74dad8faf27d',null,3,0,now(),now()),
('b188be17-5002-4a40-b4f0-a95dcc3faeed','36f6b0a1-09cd-455b-89ed-d31d7143c667','96f1103d-1aa6-4065-93f0-8ff2c5efec79',null,3,0,now(),now()),
('e8864610-32ea-4145-9a83-fd73f13f1e8c','5db6051f-fc13-4441-8e5f-100bc03209c2','60063f0b-8ddc-447b-9d63-6a8026e68dc6',null,3,0,now(),now()),
('4e6a487f-a9eb-49a1-b871-a6e0d4858151','69d334cb-5c12-4b71-927e-68a4695ed3fe','6477b1bb-6e39-4872-a220-251f25d267e0',null,3,0,now(),now()),
('68d52b99-0307-4be1-b5f4-3bec498767ee','ca2ddcea-680b-484e-aebe-19bcde1a6fa4','54cf11d4-7cee-4921-8b23-8da74482b151',null,3,0,now(),now()),
('ca3ccb91-ba0e-475a-8f2b-ce5d48697843','91aae63f-b151-4a98-b87b-cee8b8d4030e','4935ffa5-eb8b-4c37-962c-6eb8abe68c92',null,3,0,now(),now()),
('2f3106d4-7877-474f-8c0d-6e57595ca977','7a446a9d-0d38-45bc-a4d0-4f66c0ebead3','d72c2601-bbcb-4f0a-8ad5-8a1c354219fd',null,3,0,now(),now()),
('b0c7760d-ec17-4445-803b-9d1b714d3efd','57756dd0-2ada-43ce-b6ba-805606635858','542c4f7b-7944-4f8e-a2a9-8c3f07a331c5',null,3,0,now(),now()),
('9143dfa0-7601-4710-8049-24ccc5258b57','ffa7fe24-bf1f-46f0-80ee-ed0de6feb463','8ee4b3ed-dec8-4209-a1b4-09687f9f2a6d',null,3,0,now(),now()),
('b750e638-90f4-4821-959e-74fee100570e','47e690de-12fb-4ea8-aef4-7509097b83b2','b9521c9b-fa11-4f19-b03e-fad58039c63f',null,3,0,now(),now()),
('e64a6bcd-2bb1-4985-ab4f-ec84a59788cd','80213754-ae1a-4d67-8245-726740fcb5c4','49b0e319-a22d-482b-8664-49ff28bdfcfe',null,3,0,now(),now()),
('33ddcb6a-950a-4315-96fe-70db99e0ad32','aa7fb811-a76d-406f-8686-ac35852bb62f','a28fb8b1-d027-4598-a070-3ec9967b63cd',null,3,0,now(),now()),
('bc64fecd-d538-4396-a7ba-0cd00344a8b1','8b5fbe9c-bf2e-4a38-b450-4cf464383d4c','4cc37328-f2fc-46fd-b26d-c5d06dcddea9',null,3,0,now(),now()),
('8cacf0b2-59d4-4db0-afff-5f6454b23ce5','fd807cdb-2dcc-4552-af0f-91ddd5e3154e','80fd5931-90c3-4c10-81fe-96ab3c298155',null,3,0,now(),now()),
('a4da6bca-57c6-4cca-99b3-bdcf17dca74f','10db865e-2744-483d-86b5-a0a0edabef89','57ea7f2c-79d8-4b78-9de0-1d0c91b253f3',null,3,0,now(),now()),
('5335de37-0ad5-4803-9281-c3dbfc2272b5','94b42f2c-bf04-40ff-86f9-6783d6dfe226','ddbca4b4-0bb4-4bda-b7b0-e3e21758f3cd',null,3,0,now(),now()),
('d9b5a812-ca5e-4d68-876e-6dda3bf04ca1','aa4993f5-8e8c-4689-8903-907bfea010f8','c9200fd7-37c4-46ca-811b-d3b489f8b21e',null,3,0,now(),now()),
('b754dd10-d5fd-4c8e-bd94-f1243d6adb91','5340360d-b817-4cd5-938c-bfb788ef5b36','5d026e21-f5fb-4d83-bcfb-a3d60277276c',null,3,0,now(),now()),
('1efaaf2d-e79b-4332-8cac-bcae895ffe20','e891e865-9425-4d81-83d7-848fb9757fc8','203e5add-4956-460a-8448-d8f1da946073',null,3,0,now(),now()),
('451c9a96-4945-47b4-b945-94ce30cee4ce','6948641c-33dd-4144-9e9e-6243e8a1b6cc','3fa0e6a5-98f3-4b81-bf56-2e19b68a6ae9',null,3,0,now(),now()),
('aa12367b-a488-4c1b-b0c1-cdcf2c3136ef','46f172ad-7c9f-4465-8a06-00734ade8557','0e3cd232-8ab8-42d2-a31c-55c51de090c1',null,3,0,now(),now()),
('1c948dcb-6e69-4a0e-807a-65e4bc485dda','75b1019c-0a89-436e-b042-0b9bfab4ea6a','138a301a-aafa-484d-8dda-02c43c76e452',null,3,0,now(),now()),
('59dd8ed8-31a3-4bcf-a3aa-0345ca6d581a','c8ab2698-e370-42b5-a800-9589fac65861','e99787df-38b0-41a3-8160-4937ccfc2575',null,3,0,now(),now()),
('f2079d26-ddd6-4b96-b1db-5bfeeaaf41ad','d12095ff-8643-47aa-a5c4-e33376a4362f','53e70875-bdd6-4dac-a2c4-2670eb5d2a3e',null,3,0,now(),now()),
('d404f0cc-b789-46ae-8e9a-6500c24a67d9','da625b33-c846-4b94-b9ff-c1b6452a16e9','da96d2cd-7a45-4361-a5c0-b0b29e31d169',null,3,0,now(),now()),
('656afe87-b696-47e1-bb4f-e3a5f64c3e51','86b1b6e3-49c5-41a5-b532-492cb4e519f3','85647fc1-f116-4684-9dc9-9290614b1808',null,3,0,now(),now()),
('2af903ce-2aac-441c-880e-598bd3ed5e51','3eb98edb-d2cd-4f5c-bc91-c8e85cceca88','8d1cf9fc-0d2d-4cc2-a8e4-c789bf63a48d',null,3,0,now(),now()),
('7d200357-6463-4649-af5b-35d698ae79a0','048aca32-7005-4ad5-b9b2-cbb52364298d','3b424fff-a999-4a80-8cfb-1b7eb44a5b47',null,3,0,now(),now()),
('e5ba65de-dd1d-48fb-b240-e338d135ffae','a3c47eba-48a2-4d23-ac07-f3c387984a9b','99ae4c87-fcdc-4b62-b866-16e6d175bfaa',null,3,0,now(),now()),
('14da60df-6449-45ba-a7c0-95a50e302eaa','626e8bc7-2bf2-4eeb-8689-c047bb05f5ca','b977f14c-fd9b-4280-b6a3-cef791c326fc',null,3,0,now(),now()),
('3e1cf98c-3147-4314-b6f6-d9d64fff8a34','3f051b76-48c5-47fe-8603-d2c049f8ded8','d41a224e-54aa-407c-86fa-c15d49545d05',null,3,0,now(),now()),
('d04df1cd-f6ce-4582-9fcb-a2627f150d8e','db3f20f0-1305-464d-9271-5f20bd5c461e','d61ebe6e-f226-4380-8644-498f6389e9bb',null,3,0,now(),now()),
('9798fab0-1b9a-49ec-be08-cf389c99130a','1fece13c-69a5-4aa6-b639-d9e7770810d5','967e943c-850a-40c8-94e5-e44b363be487',null,3,0,now(),now()),
('cbc3598b-19d3-46e5-b4ec-c18f2ed33048','7f0fb4df-2742-4a5a-931c-1c0cb2d5edb2','967e943c-850a-40c8-94e5-e44b363be487',null,3,0,now(),now()),
('d19630eb-f1ad-4ef0-83eb-b208df528d56','fd6ab8fb-19f7-4749-b281-6d400f480bb6','e5637965-7626-4f87-8f3e-7b4a5a6ab8e2',null,3,0,now(),now()),
('891b91d1-f396-4a36-9f8e-4b367365da8e','cc9c165e-d9e7-4b86-a7d4-845bc42a7a06','c93ef3c2-f50b-42e9-ae93-a9992a06fd24',null,3,0,now(),now()),
('961c9d8a-6a88-4c6b-a764-6312d7f3ff34','2cdb20ca-9a38-4e4c-84e6-a15a9d3169e6','61abeeba-63da-460c-bdee-59543728fde3',null,3,0,now(),now())
RETURNING * ;
--
------------------------ END ORDER DETAILS ------------------------
--























































